{
"type": "FeatureCollection",
"features": [
{ "type": "Feature", "properties": { "Fungsi": "Belum Terdefinisi" }, "geometry": { "type": "Polygon", "coordinates": [ [ [ 106.842929, -6.122093 ], [ 106.842683, -6.122451 ], [ 106.842625, -6.122443 ], [ 106.842693, -6.122370 ], [ 106.842824, -6.122217 ], [ 106.842929, -6.122093 ] ] ] } }
,
{ "type": "Feature", "properties": { "Fungsi": "Belum Terdefinisi" }, "geometry": { "type": "Polygon", "coordinates": [ [ [ 106.834517, -6.121596 ], [ 106.834501, -6.121605 ], [ 106.834486, -6.121554 ], [ 106.834487, -6.121513 ], [ 106.834493, -6.121475 ], [ 106.834471, -6.121452 ], [ 106.834459, -6.121429 ], [ 106.834532, -6.121428 ], [ 106.834538, -6.121442 ], [ 106.834558, -6.121449 ], [ 106.834574, -6.121465 ], [ 106.834579, -6.121487 ], [ 106.834578, -6.121506 ], [ 106.834562, -6.121527 ], [ 106.834547, -6.121543 ], [ 106.834534, -6.121562 ], [ 106.834530, -6.121579 ], [ 106.834517, -6.121596 ] ] ] } }
,
{ "type": "Feature", "properties": { "Fungsi": "Belum Terdefinisi" }, "geometry": { "type": "Polygon", "coordinates": [ [ [ 106.835750, -6.121383 ], [ 106.836110, -6.121390 ], [ 106.836187, -6.121390 ], [ 106.836801, -6.121390 ], [ 106.836893, -6.121423 ], [ 106.837329, -6.121421 ], [ 106.837403, -6.121418 ], [ 106.837726, -6.121418 ], [ 106.837843, -6.121421 ], [ 106.838102, -6.121418 ], [ 106.838204, -6.121411 ], [ 106.838203, -6.121454 ], [ 106.838545, -6.121465 ], [ 106.838511, -6.121500 ], [ 106.838207, -6.121497 ], [ 106.837577, -6.121518 ], [ 106.836825, -6.121515 ], [ 106.835497, -6.121515 ], [ 106.835458, -6.121491 ], [ 106.835411, -6.121462 ], [ 106.835392, -6.121508 ], [ 106.835374, -6.121553 ], [ 106.835320, -6.121618 ], [ 106.835268, -6.121660 ], [ 106.835228, -6.121671 ], [ 106.835120, -6.121680 ], [ 106.835162, -6.121653 ], [ 106.835189, -6.121626 ], [ 106.835187, -6.121598 ], [ 106.835183, -6.121575 ], [ 106.835230, -6.121558 ], [ 106.835255, -6.121564 ], [ 106.835293, -6.121564 ], [ 106.835322, -6.121558 ], [ 106.835333, -6.121543 ], [ 106.835339, -6.121524 ], [ 106.835350, -6.121503 ], [ 106.835354, -6.121480 ], [ 106.835354, -6.121455 ], [ 106.835354, -6.121430 ], [ 106.835364, -6.121415 ], [ 106.835381, -6.121404 ], [ 106.835427, -6.121400 ], [ 106.835733, -6.121394 ], [ 106.835750, -6.121383 ] ] ] } }
,
{ "type": "Feature", "properties": { "Fungsi": "Belum Terdefinisi" }, "geometry": { "type": "Polygon", "coordinates": [ [ [ 106.838631, -6.121369 ], [ 106.838591, -6.121415 ], [ 106.838602, -6.121364 ], [ 106.838631, -6.121369 ] ] ] } }
,
{ "type": "Feature", "properties": { "Fungsi": "Belum Terdefinisi" }, "geometry": { "type": "Polygon", "coordinates": [ [ [ 106.838722, -6.121215 ], [ 106.838751, -6.121256 ], [ 106.838747, -6.121266 ], [ 106.838743, -6.121277 ], [ 106.838717, -6.121306 ], [ 106.838717, -6.121304 ], [ 106.838716, -6.121261 ], [ 106.838722, -6.121218 ], [ 106.838722, -6.121215 ] ] ] } }
,
{ "type": "Feature", "properties": { "Fungsi": "Belum Terdefinisi" }, "geometry": { "type": "Polygon", "coordinates": [ [ [ 106.838722, -6.121215 ], [ 106.838718, -6.121210 ], [ 106.838686, -6.121174 ], [ 106.838693, -6.121181 ], [ 106.838715, -6.121205 ], [ 106.838722, -6.121215 ] ] ] } }
,
{ "type": "Feature", "properties": { "Fungsi": "Belum Terdefinisi" }, "geometry": { "type": "Polygon", "coordinates": [ [ [ 106.842929, -6.122093 ], [ 106.842957, -6.122060 ], [ 106.843026, -6.121897 ], [ 106.843033, -6.121700 ], [ 106.843001, -6.121449 ], [ 106.842789, -6.121254 ], [ 106.842731, -6.121201 ], [ 106.842674, -6.121159 ], [ 106.842673, -6.121121 ], [ 106.842671, -6.121089 ], [ 106.842659, -6.121065 ], [ 106.842655, -6.121058 ], [ 106.842651, -6.121050 ], [ 106.842680, -6.121071 ], [ 106.842694, -6.121100 ], [ 106.842702, -6.121128 ], [ 106.842713, -6.121157 ], [ 106.842747, -6.121195 ], [ 106.842830, -6.121271 ], [ 106.842928, -6.121349 ], [ 106.842966, -6.121392 ], [ 106.843016, -6.121445 ], [ 106.843049, -6.121499 ], [ 106.843068, -6.121554 ], [ 106.843080, -6.121640 ], [ 106.843085, -6.121723 ], [ 106.843078, -6.121809 ], [ 106.843063, -6.121870 ], [ 106.843035, -6.121959 ], [ 106.842997, -6.122025 ], [ 106.842956, -6.122094 ], [ 106.842929, -6.122093 ] ] ] } }
,
{ "type": "Feature", "properties": { "Fungsi": "Belum Terdefinisi" }, "geometry": { "type": "Polygon", "coordinates": [ [ [ 106.842651, -6.121050 ], [ 106.842630, -6.121047 ], [ 106.842520, -6.121033 ], [ 106.842334, -6.121008 ], [ 106.841705, -6.120950 ], [ 106.842092, -6.120971 ], [ 106.842261, -6.120983 ], [ 106.842464, -6.121012 ], [ 106.842651, -6.121050 ] ] ] } }
,
{ "type": "Feature", "properties": { "Fungsi": "Belum Terdefinisi" }, "geometry": { "type": "Polygon", "coordinates": [ [ [ 106.840835, -6.120963 ], [ 106.840704, -6.120968 ], [ 106.840699, -6.120886 ], [ 106.840831, -6.120883 ], [ 106.840835, -6.120963 ] ] ] } }
,
{ "type": "Feature", "properties": { "Fungsi": "Belum Terdefinisi" }, "geometry": { "type": "Polygon", "coordinates": [ [ [ 106.839653, -6.120859 ], [ 106.839699, -6.120888 ], [ 106.839777, -6.120916 ], [ 106.839899, -6.120938 ], [ 106.839887, -6.120938 ], [ 106.839725, -6.120925 ], [ 106.839652, -6.120882 ], [ 106.839624, -6.120866 ], [ 106.839560, -6.120867 ], [ 106.839453, -6.120870 ], [ 106.839492, -6.120854 ], [ 106.839518, -6.120850 ], [ 106.839575, -6.120850 ], [ 106.839630, -6.120852 ], [ 106.839653, -6.120859 ] ] ] } }
,
{ "type": "Feature", "properties": { "Fungsi": "Belum Terdefinisi" }, "geometry": { "type": "Polygon", "coordinates": [ [ [ 106.849803, -6.117397 ], [ 106.849685, -6.117433 ], [ 106.849536, -6.117451 ], [ 106.849417, -6.117457 ], [ 106.849286, -6.117427 ], [ 106.849173, -6.117367 ], [ 106.849054, -6.117302 ], [ 106.848830, -6.117093 ], [ 106.848831, -6.117092 ], [ 106.849113, -6.117273 ], [ 106.849143, -6.117282 ], [ 106.849368, -6.117309 ], [ 106.849500, -6.117373 ], [ 106.849566, -6.117404 ], [ 106.849704, -6.117262 ], [ 106.850130, -6.117032 ], [ 106.850848, -6.116835 ], [ 106.850969, -6.116918 ], [ 106.851329, -6.116944 ], [ 106.850952, -6.117058 ], [ 106.850678, -6.117088 ], [ 106.850511, -6.117106 ], [ 106.850392, -6.117147 ], [ 106.850202, -6.117213 ], [ 106.850041, -6.117278 ], [ 106.849928, -6.117344 ], [ 106.849803, -6.117397 ] ] ] } }
,
{ "type": "Feature", "properties": { "Fungsi": "Belum Terdefinisi" }, "geometry": { "type": "Polygon", "coordinates": [ [ [ 106.849686, -6.117196 ], [ 106.849375, -6.117276 ], [ 106.849192, -6.117271 ], [ 106.849151, -6.117265 ], [ 106.848854, -6.117080 ], [ 106.849030, -6.117058 ], [ 106.849286, -6.117052 ], [ 106.849637, -6.117010 ], [ 106.849899, -6.116987 ], [ 106.850279, -6.116915 ], [ 106.850926, -6.116739 ], [ 106.850858, -6.116763 ], [ 106.850086, -6.117027 ], [ 106.849686, -6.117196 ] ] ] } }
,
{ "type": "Feature", "properties": { "Fungsi": "Belum Terdefinisi" }, "geometry": { "type": "Polygon", "coordinates": [ [ [ 106.857299, -6.116515 ], [ 106.857237, -6.116529 ], [ 106.857162, -6.116546 ], [ 106.857074, -6.116521 ], [ 106.856979, -6.116522 ], [ 106.857384, -6.116295 ], [ 106.857352, -6.116393 ], [ 106.857310, -6.116489 ], [ 106.857299, -6.116515 ] ] ] } }
,
{ "type": "Feature", "properties": { "Fungsi": "Belum Terdefinisi" }, "geometry": { "type": "Polygon", "coordinates": [ [ [ 106.853182, -6.116646 ], [ 106.852916, -6.116669 ], [ 106.853522, -6.116454 ], [ 106.853755, -6.116238 ], [ 106.853629, -6.116436 ], [ 106.853420, -6.116550 ], [ 106.853182, -6.116646 ] ] ] } }
,
{ "type": "Feature", "properties": { "Fungsi": "Belum Terdefinisi" }, "geometry": { "type": "Polygon", "coordinates": [ [ [ 106.825719, -6.116113 ], [ 106.825380, -6.116117 ], [ 106.825159, -6.116095 ], [ 106.824898, -6.116017 ], [ 106.824381, -6.115931 ], [ 106.823988, -6.115910 ], [ 106.823834, -6.115853 ], [ 106.823749, -6.115817 ], [ 106.823777, -6.115784 ], [ 106.823838, -6.115781 ], [ 106.824002, -6.115805 ], [ 106.824587, -6.115884 ], [ 106.825112, -6.115959 ], [ 106.825369, -6.115991 ], [ 106.825565, -6.116020 ], [ 106.825640, -6.116023 ], [ 106.825672, -6.116034 ], [ 106.825704, -6.116052 ], [ 106.825719, -6.116066 ], [ 106.825726, -6.116091 ], [ 106.825719, -6.116113 ] ] ] } }
,
{ "type": "Feature", "properties": { "Fungsi": "Belum Terdefinisi" }, "geometry": { "type": "Polygon", "coordinates": [ [ [ 106.854256, -6.115324 ], [ 106.853951, -6.115500 ], [ 106.854181, -6.115294 ], [ 106.854429, -6.115142 ], [ 106.854619, -6.115047 ], [ 106.854929, -6.114917 ], [ 106.854256, -6.115324 ] ] ] } }
,
{ "type": "Feature", "properties": { "Fungsi": "Belum Terdefinisi" }, "geometry": { "type": "Polygon", "coordinates": [ [ [ 106.858723, -6.114705 ], [ 106.858719, -6.114842 ], [ 106.858619, -6.114995 ], [ 106.858723, -6.114705 ] ] ] } }
,
{ "type": "Feature", "properties": { "Fungsi": "Belum Terdefinisi" }, "geometry": { "type": "Polygon", "coordinates": [ [ [ 106.858723, -6.114705 ], [ 106.858655, -6.114447 ], [ 106.858594, -6.114221 ], [ 106.858695, -6.114312 ], [ 106.858730, -6.114456 ], [ 106.858723, -6.114705 ] ] ] } }
,
{ "type": "Feature", "properties": { "Fungsi": "Belum Terdefinisi" }, "geometry": { "type": "Polygon", "coordinates": [ [ [ 106.855542, -6.114704 ], [ 106.855236, -6.114810 ], [ 106.855350, -6.114679 ], [ 106.855367, -6.114560 ], [ 106.855350, -6.114453 ], [ 106.855326, -6.114352 ], [ 106.855284, -6.114221 ], [ 106.855248, -6.114108 ], [ 106.855192, -6.113934 ], [ 106.855231, -6.114004 ], [ 106.855475, -6.114332 ], [ 106.855589, -6.114522 ], [ 106.855566, -6.114644 ], [ 106.855542, -6.114704 ] ] ] } }
,
{ "type": "Feature", "properties": { "Fungsi": "Belum Terdefinisi" }, "geometry": { "type": "Polygon", "coordinates": [ [ [ 106.856494, -6.114314 ], [ 106.856004, -6.114690 ], [ 106.856197, -6.114476 ], [ 106.856258, -6.114206 ], [ 106.856633, -6.113956 ], [ 106.856913, -6.113920 ], [ 106.856694, -6.114161 ], [ 106.856494, -6.114314 ] ] ] } }
,
{ "type": "Feature", "properties": { "Fungsi": "Belum Terdefinisi" }, "geometry": { "type": "Polygon", "coordinates": [ [ [ 106.858034, -6.113701 ], [ 106.858184, -6.113842 ], [ 106.857897, -6.113749 ], [ 106.858034, -6.113701 ] ] ] } }
,
{ "type": "Feature", "properties": { "Fungsi": "Belum Terdefinisi" }, "geometry": { "type": "Polygon", "coordinates": [ [ [ 106.854439, -6.113266 ], [ 106.854634, -6.113446 ], [ 106.854605, -6.113443 ], [ 106.854567, -6.113427 ], [ 106.854514, -6.113377 ], [ 106.854491, -6.113348 ], [ 106.854472, -6.113327 ], [ 106.854455, -6.113310 ], [ 106.854426, -6.113298 ], [ 106.854391, -6.113251 ], [ 106.854367, -6.113184 ], [ 106.854358, -6.113132 ], [ 106.854439, -6.113266 ] ] ] } }
,
{ "type": "Feature", "properties": { "Fungsi": "Belum Terdefinisi" }, "geometry": { "type": "Polygon", "coordinates": [ [ [ 106.854226, -6.112588 ], [ 106.854226, -6.112615 ], [ 106.854184, -6.112553 ], [ 106.854150, -6.112518 ], [ 106.854196, -6.112496 ], [ 106.854228, -6.112513 ], [ 106.854226, -6.112588 ] ] ] } }
,
{ "type": "Feature", "properties": { "Fungsi": "Belum Terdefinisi" }, "geometry": { "type": "Polygon", "coordinates": [ [ [ 106.860969, -6.111252 ], [ 106.861001, -6.111525 ], [ 106.860961, -6.111282 ], [ 106.860820, -6.110488 ], [ 106.860868, -6.110462 ], [ 106.860866, -6.110477 ], [ 106.860868, -6.110526 ], [ 106.860876, -6.110624 ], [ 106.860901, -6.110772 ], [ 106.860969, -6.111252 ] ] ] } }
,
{ "type": "Feature", "properties": { "Fungsi": "Belum Terdefinisi" }, "geometry": { "type": "Polygon", "coordinates": [ [ [ 106.859396, -6.110742 ], [ 106.858762, -6.110854 ], [ 106.858131, -6.110937 ], [ 106.858066, -6.110922 ], [ 106.858050, -6.110857 ], [ 106.858035, -6.110793 ], [ 106.857964, -6.110802 ], [ 106.857935, -6.110747 ], [ 106.857997, -6.110776 ], [ 106.858098, -6.110808 ], [ 106.858211, -6.110835 ], [ 106.858399, -6.110847 ], [ 106.858604, -6.110835 ], [ 106.858809, -6.110811 ], [ 106.858937, -6.110802 ], [ 106.859327, -6.110731 ], [ 106.859571, -6.110680 ], [ 106.859818, -6.110618 ], [ 106.860067, -6.110538 ], [ 106.860353, -6.110440 ], [ 106.860534, -6.110356 ], [ 106.860683, -6.110288 ], [ 106.860740, -6.110246 ], [ 106.860775, -6.110228 ], [ 106.860796, -6.110205 ], [ 106.860791, -6.110228 ], [ 106.860780, -6.110284 ], [ 106.860035, -6.110585 ], [ 106.859396, -6.110742 ] ] ] } }
,
{ "type": "Feature", "properties": { "Fungsi": "Belum Terdefinisi" }, "geometry": { "type": "Polygon", "coordinates": [ [ [ 106.860863, -6.110181 ], [ 106.860877, -6.110269 ], [ 106.860867, -6.110206 ], [ 106.860864, -6.110188 ], [ 106.860863, -6.110181 ] ] ] } }
,
{ "type": "Feature", "properties": { "Fungsi": "Belum Terdefinisi" }, "geometry": { "type": "Polygon", "coordinates": [ [ [ 106.787187, -6.109053 ], [ 106.787184, -6.109053 ], [ 106.787178, -6.108898 ], [ 106.787254, -6.108899 ], [ 106.787196, -6.108902 ], [ 106.787196, -6.109052 ], [ 106.787187, -6.109053 ] ] ] } }
,
{ "type": "Feature", "properties": { "Fungsi": "Belum Terdefinisi" }, "geometry": { "type": "Polygon", "coordinates": [ [ [ 106.783988, -6.108627 ], [ 106.783433, -6.108645 ], [ 106.783432, -6.108578 ], [ 106.783848, -6.108564 ], [ 106.784474, -6.108554 ], [ 106.784476, -6.108610 ], [ 106.784365, -6.108614 ], [ 106.784185, -6.108620 ], [ 106.783988, -6.108627 ] ] ] } }
,
{ "type": "Feature", "properties": { "Fungsi": "Belum Terdefinisi" }, "geometry": { "type": "Polygon", "coordinates": [ [ [ 106.782090, -6.108378 ], [ 106.782513, -6.108550 ], [ 106.782913, -6.108543 ], [ 106.782918, -6.108588 ], [ 106.783327, -6.108578 ], [ 106.783333, -6.108648 ], [ 106.783059, -6.108657 ], [ 106.782840, -6.108665 ], [ 106.782831, -6.108665 ], [ 106.782822, -6.108665 ], [ 106.782644, -6.108671 ], [ 106.782304, -6.108531 ], [ 106.782303, -6.108531 ], [ 106.782302, -6.108531 ], [ 106.782063, -6.108433 ], [ 106.782090, -6.108378 ] ] ] } }
,
{ "type": "Feature", "properties": { "Fungsi": "Belum Terdefinisi" }, "geometry": { "type": "Polygon", "coordinates": [ [ [ 106.785663, -6.108590 ], [ 106.785629, -6.108591 ], [ 106.785625, -6.108557 ], [ 106.785622, -6.108075 ], [ 106.786903, -6.108053 ], [ 106.786903, -6.108122 ], [ 106.786776, -6.108125 ], [ 106.786116, -6.108140 ], [ 106.786035, -6.108143 ], [ 106.786004, -6.108145 ], [ 106.785881, -6.108150 ], [ 106.785822, -6.108153 ], [ 106.785654, -6.108160 ], [ 106.785657, -6.108288 ], [ 106.785657, -6.108294 ], [ 106.785663, -6.108590 ] ] ] } }
,
{ "type": "Feature", "properties": { "Fungsi": "Belum Terdefinisi" }, "geometry": { "type": "Polygon", "coordinates": [ [ [ 106.790118, -6.107958 ], [ 106.790132, -6.107965 ], [ 106.790134, -6.107976 ], [ 106.790135, -6.107987 ], [ 106.790115, -6.107977 ], [ 106.790118, -6.107962 ], [ 106.790118, -6.107958 ] ] ] } }
,
{ "type": "Feature", "properties": { "Fungsi": "Belum Terdefinisi" }, "geometry": { "type": "Polygon", "coordinates": [ [ [ 106.781488, -6.108121 ], [ 106.781458, -6.108184 ], [ 106.781065, -6.108023 ], [ 106.781073, -6.107980 ], [ 106.781074, -6.107975 ], [ 106.781047, -6.107965 ], [ 106.781059, -6.107938 ], [ 106.781488, -6.108121 ] ] ] } }
,
{ "type": "Feature", "properties": { "Fungsi": "Belum Terdefinisi" }, "geometry": { "type": "Polygon", "coordinates": [ [ [ 106.790118, -6.107958 ], [ 106.790109, -6.107954 ], [ 106.790085, -6.107943 ], [ 106.790073, -6.107926 ], [ 106.790073, -6.107912 ], [ 106.790073, -6.107890 ], [ 106.790081, -6.107878 ], [ 106.790094, -6.107869 ], [ 106.790130, -6.107864 ], [ 106.790108, -6.107874 ], [ 106.790092, -6.107904 ], [ 106.790097, -6.107942 ], [ 106.790101, -6.107946 ], [ 106.790104, -6.107951 ], [ 106.790108, -6.107953 ], [ 106.790118, -6.107958 ] ] ] } }
,
{ "type": "Feature", "properties": { "Fungsi": "Belum Terdefinisi" }, "geometry": { "type": "Polygon", "coordinates": [ [ [ 106.790184, -6.107857 ], [ 106.790176, -6.107866 ], [ 106.790152, -6.107864 ], [ 106.790195, -6.107815 ], [ 106.790231, -6.107813 ], [ 106.790184, -6.107857 ] ] ] } }
,
{ "type": "Feature", "properties": { "Fungsi": "Belum Terdefinisi" }, "geometry": { "type": "Polygon", "coordinates": [ [ [ 106.790950, -6.105395 ], [ 106.790950, -6.105413 ], [ 106.790899, -6.105407 ], [ 106.790896, -6.105393 ], [ 106.790950, -6.105395 ] ] ] } }
,
{ "type": "Feature", "properties": { "Fungsi": "Belum Terdefinisi" }, "geometry": { "type": "Polygon", "coordinates": [ [ [ 106.791268, -6.104815 ], [ 106.791268, -6.104825 ], [ 106.790889, -6.104825 ], [ 106.790889, -6.104814 ], [ 106.791268, -6.104815 ] ] ] } }
,
{ "type": "Feature", "properties": { "Fungsi": "Belum Terdefinisi" }, "geometry": { "type": "Polygon", "coordinates": [ [ [ 106.796208, -6.104676 ], [ 106.796153, -6.104742 ], [ 106.796175, -6.104666 ], [ 106.796190, -6.104614 ], [ 106.796200, -6.104514 ], [ 106.796230, -6.104583 ], [ 106.796208, -6.104676 ] ] ] } }
,
{ "type": "Feature", "properties": { "Fungsi": "Belum Terdefinisi" }, "geometry": { "type": "Polygon", "coordinates": [ [ [ 106.790413, -6.106630 ], [ 106.790382, -6.106651 ], [ 106.790377, -6.106648 ], [ 106.790372, -6.106304 ], [ 106.790367, -6.105894 ], [ 106.790361, -6.105459 ], [ 106.790352, -6.105076 ], [ 106.790343, -6.104668 ], [ 106.790329, -6.104292 ], [ 106.790350, -6.104316 ], [ 106.790374, -6.104706 ], [ 106.790394, -6.105596 ], [ 106.790409, -6.106396 ], [ 106.790412, -6.106581 ], [ 106.790413, -6.106630 ] ] ] } }
,
{ "type": "Feature", "properties": { "Fungsi": "Belum Terdefinisi" }, "geometry": { "type": "Polygon", "coordinates": [ [ [ 106.771727, -6.104359 ], [ 106.771698, -6.104359 ], [ 106.771481, -6.104244 ], [ 106.771490, -6.104248 ], [ 106.771727, -6.104359 ] ] ] } }
,
{ "type": "Feature", "properties": { "Fungsi": "Belum Terdefinisi" }, "geometry": { "type": "Polygon", "coordinates": [ [ [ 106.796266, -6.104287 ], [ 106.796216, -6.104346 ], [ 106.796230, -6.104196 ], [ 106.796241, -6.104076 ], [ 106.796262, -6.104162 ], [ 106.796269, -6.104230 ], [ 106.796266, -6.104287 ] ] ] } }
,
{ "type": "Feature", "properties": { "Fungsi": "Belum Terdefinisi" }, "geometry": { "type": "Polygon", "coordinates": [ [ [ 106.790207, -6.103964 ], [ 106.790192, -6.103964 ], [ 106.790191, -6.103952 ], [ 106.790282, -6.103950 ], [ 106.790282, -6.103963 ], [ 106.790207, -6.103964 ] ] ] } }
,
{ "type": "Feature", "properties": { "Fungsi": "Belum Terdefinisi" }, "geometry": { "type": "Polygon", "coordinates": [ [ [ 106.771052, -6.103615 ], [ 106.771050, -6.103643 ], [ 106.770959, -6.103616 ], [ 106.770954, -6.103615 ], [ 106.770950, -6.103614 ], [ 106.770899, -6.103599 ], [ 106.770642, -6.103529 ], [ 106.770668, -6.103461 ], [ 106.770900, -6.103543 ], [ 106.770907, -6.103562 ], [ 106.771052, -6.103615 ] ] ] } }
,
{ "type": "Feature", "properties": { "Fungsi": "Belum Terdefinisi" }, "geometry": { "type": "Polygon", "coordinates": [ [ [ 106.770418, -6.103462 ], [ 106.770480, -6.103488 ], [ 106.770449, -6.103480 ], [ 106.770378, -6.103462 ], [ 106.770152, -6.103369 ], [ 106.770153, -6.103369 ], [ 106.770173, -6.103346 ], [ 106.770314, -6.103355 ], [ 106.770340, -6.103367 ], [ 106.770363, -6.103386 ], [ 106.770409, -6.103401 ], [ 106.770403, -6.103456 ], [ 106.770418, -6.103462 ] ] ] } }
,
{ "type": "Feature", "properties": { "Fungsi": "Belum Terdefinisi" }, "geometry": { "type": "Polygon", "coordinates": [ [ [ 106.770080, -6.103339 ], [ 106.770080, -6.103339 ], [ 106.769988, -6.103301 ], [ 106.769985, -6.103299 ], [ 106.769981, -6.103297 ], [ 106.769855, -6.103229 ], [ 106.769866, -6.103212 ], [ 106.769984, -6.103237 ], [ 106.770019, -6.103262 ], [ 106.770007, -6.103283 ], [ 106.770081, -6.103327 ], [ 106.770080, -6.103339 ] ] ] } }
,
{ "type": "Feature", "properties": { "Fungsi": "Belum Terdefinisi" }, "geometry": { "type": "Polygon", "coordinates": [ [ [ 106.769163, -6.102834 ], [ 106.769162, -6.102837 ], [ 106.769124, -6.102808 ], [ 106.769111, -6.102799 ], [ 106.769106, -6.102795 ], [ 106.769101, -6.102791 ], [ 106.769089, -6.102782 ], [ 106.769105, -6.102761 ], [ 106.769188, -6.102790 ], [ 106.769165, -6.102831 ], [ 106.769163, -6.102834 ] ] ] } }
,
{ "type": "Feature", "properties": { "Fungsi": "Belum Terdefinisi" }, "geometry": { "type": "Polygon", "coordinates": [ [ [ 106.789993, -6.103494 ], [ 106.789974, -6.103501 ], [ 106.789965, -6.102977 ], [ 106.789965, -6.102854 ], [ 106.789978, -6.102810 ], [ 106.790031, -6.102665 ], [ 106.789996, -6.102810 ], [ 106.789995, -6.102990 ], [ 106.789994, -6.103482 ], [ 106.789993, -6.103494 ] ] ] } }
,
{ "type": "Feature", "properties": { "Fungsi": "Belum Terdefinisi" }, "geometry": { "type": "Polygon", "coordinates": [ [ [ 106.768926, -6.102630 ], [ 106.768981, -6.102678 ], [ 106.769002, -6.102670 ], [ 106.769029, -6.102687 ], [ 106.769017, -6.102728 ], [ 106.768994, -6.102710 ], [ 106.768900, -6.102638 ], [ 106.768760, -6.102463 ], [ 106.768788, -6.102403 ], [ 106.768793, -6.102391 ], [ 106.768759, -6.102371 ], [ 106.768717, -6.102346 ], [ 106.768732, -6.102325 ], [ 106.768800, -6.102381 ], [ 106.768796, -6.102447 ], [ 106.768827, -6.102502 ], [ 106.768926, -6.102630 ] ] ] } }
,
{ "type": "Feature", "properties": { "Fungsi": "Belum Terdefinisi" }, "geometry": { "type": "Polygon", "coordinates": [ [ [ 106.768604, -6.102245 ], [ 106.768680, -6.102324 ], [ 106.768662, -6.102313 ], [ 106.768489, -6.102210 ], [ 106.768455, -6.102190 ], [ 106.768342, -6.102077 ], [ 106.768290, -6.102015 ], [ 106.768282, -6.102006 ], [ 106.768274, -6.101997 ], [ 106.768210, -6.101939 ], [ 106.768237, -6.101933 ], [ 106.768319, -6.102007 ], [ 106.768423, -6.102103 ], [ 106.768463, -6.102127 ], [ 106.768494, -6.102135 ], [ 106.768543, -6.102183 ], [ 106.768574, -6.102219 ], [ 106.768604, -6.102245 ] ] ] } }
,
{ "type": "Feature", "properties": { "Fungsi": "Belum Terdefinisi" }, "geometry": { "type": "Polygon", "coordinates": [ [ [ 106.796501, -6.101692 ], [ 106.796530, -6.101714 ], [ 106.796594, -6.101692 ], [ 106.796644, -6.101721 ], [ 106.796672, -6.101778 ], [ 106.796705, -6.101892 ], [ 106.796737, -6.102010 ], [ 106.796737, -6.102096 ], [ 106.796722, -6.102167 ], [ 106.796697, -6.102278 ], [ 106.796680, -6.102374 ], [ 106.796687, -6.102453 ], [ 106.796701, -6.102524 ], [ 106.796697, -6.102581 ], [ 106.796676, -6.102631 ], [ 106.796640, -6.102688 ], [ 106.796637, -6.102763 ], [ 106.796665, -6.102842 ], [ 106.796676, -6.102902 ], [ 106.796644, -6.102952 ], [ 106.796594, -6.102967 ], [ 106.796555, -6.102995 ], [ 106.796548, -6.103084 ], [ 106.796569, -6.103159 ], [ 106.796580, -6.103220 ], [ 106.796544, -6.103291 ], [ 106.796498, -6.103345 ], [ 106.796469, -6.103388 ], [ 106.796498, -6.103466 ], [ 106.796508, -6.103516 ], [ 106.796505, -6.103602 ], [ 106.796476, -6.103670 ], [ 106.796476, -6.103727 ], [ 106.796519, -6.103770 ], [ 106.796583, -6.103787 ], [ 106.796665, -6.103866 ], [ 106.796683, -6.103916 ], [ 106.796651, -6.103945 ], [ 106.796562, -6.103930 ], [ 106.796494, -6.103916 ], [ 106.796433, -6.103920 ], [ 106.796401, -6.103952 ], [ 106.796351, -6.104005 ], [ 106.796291, -6.104023 ], [ 106.796245, -6.104037 ], [ 106.796262, -6.103857 ], [ 106.796266, -6.103823 ], [ 106.796270, -6.103780 ], [ 106.796460, -6.101784 ], [ 106.796475, -6.101625 ], [ 106.796501, -6.101692 ] ] ] } }
,
{ "type": "Feature", "properties": { "Fungsi": "Belum Terdefinisi" }, "geometry": { "type": "Polygon", "coordinates": [ [ [ 106.796651, -6.101585 ], [ 106.796637, -6.101621 ], [ 106.796594, -6.101617 ], [ 106.796544, -6.101600 ], [ 106.796483, -6.101541 ], [ 106.796490, -6.101467 ], [ 106.796498, -6.101387 ], [ 106.796518, -6.101175 ], [ 106.796528, -6.101070 ], [ 106.796535, -6.100993 ], [ 106.796583, -6.100993 ], [ 106.796622, -6.101011 ], [ 106.796619, -6.101061 ], [ 106.796605, -6.101136 ], [ 106.796633, -6.101278 ], [ 106.796612, -6.101364 ], [ 106.796590, -6.101414 ], [ 106.796605, -6.101475 ], [ 106.796633, -6.101535 ], [ 106.796651, -6.101585 ] ] ] } }
,
{ "type": "Feature", "properties": { "Fungsi": "Belum Terdefinisi" }, "geometry": { "type": "Polygon", "coordinates": [ [ [ 106.751762, -6.100877 ], [ 106.751818, -6.100889 ], [ 106.751878, -6.100877 ], [ 106.751958, -6.100853 ], [ 106.752008, -6.100829 ], [ 106.752071, -6.100844 ], [ 106.752157, -6.100895 ], [ 106.752217, -6.100918 ], [ 106.752282, -6.100936 ], [ 106.752362, -6.100996 ], [ 106.752401, -6.101034 ], [ 106.752464, -6.101055 ], [ 106.752547, -6.101100 ], [ 106.752585, -6.101150 ], [ 106.752645, -6.101234 ], [ 106.752678, -6.101281 ], [ 106.752725, -6.101338 ], [ 106.752767, -6.101397 ], [ 106.752809, -6.101454 ], [ 106.752877, -6.101534 ], [ 106.752963, -6.101632 ], [ 106.753055, -6.101704 ], [ 106.753121, -6.101763 ], [ 106.753222, -6.101817 ], [ 106.753296, -6.101861 ], [ 106.753403, -6.101912 ], [ 106.753505, -6.101956 ], [ 106.753576, -6.101998 ], [ 106.753704, -6.102058 ], [ 106.753775, -6.102099 ], [ 106.753844, -6.102144 ], [ 106.753900, -6.102203 ], [ 106.753998, -6.102316 ], [ 106.754064, -6.102400 ], [ 106.754144, -6.102477 ], [ 106.754201, -6.102530 ], [ 106.754236, -6.102617 ], [ 106.754290, -6.102712 ], [ 106.754367, -6.102777 ], [ 106.754421, -6.102819 ], [ 106.754525, -6.102881 ], [ 106.754596, -6.102923 ], [ 106.754697, -6.102997 ], [ 106.754778, -6.103063 ], [ 106.754867, -6.103113 ], [ 106.754950, -6.103140 ], [ 106.755027, -6.103176 ], [ 106.755117, -6.103223 ], [ 106.755211, -6.103311 ], [ 106.755325, -6.103363 ], [ 106.755363, -6.103401 ], [ 106.755430, -6.103449 ], [ 106.755510, -6.103501 ], [ 106.755634, -6.103520 ], [ 106.755696, -6.103544 ], [ 106.755772, -6.103572 ], [ 106.755806, -6.103582 ], [ 106.755872, -6.103610 ], [ 106.755972, -6.103648 ], [ 106.756067, -6.103687 ], [ 106.756110, -6.103696 ], [ 106.756167, -6.103715 ], [ 106.756262, -6.103715 ], [ 106.756358, -6.103725 ], [ 106.756415, -6.103739 ], [ 106.756486, -6.103777 ], [ 106.756662, -6.103844 ], [ 106.756753, -6.103872 ], [ 106.756919, -6.103915 ], [ 106.757010, -6.103934 ], [ 106.757067, -6.103953 ], [ 106.757158, -6.103970 ], [ 106.757145, -6.103982 ], [ 106.757137, -6.103990 ], [ 106.757135, -6.103989 ], [ 106.756919, -6.103953 ], [ 106.756918, -6.103953 ], [ 106.756881, -6.103937 ], [ 106.756837, -6.103933 ], [ 106.756806, -6.103933 ], [ 106.756765, -6.103916 ], [ 106.756743, -6.103911 ], [ 106.756720, -6.103903 ], [ 106.756693, -6.103889 ], [ 106.756652, -6.103876 ], [ 106.756647, -6.103875 ], [ 106.756612, -6.103868 ], [ 106.756583, -6.103853 ], [ 106.756554, -6.103831 ], [ 106.756510, -6.103813 ], [ 106.756473, -6.103805 ], [ 106.756438, -6.103800 ], [ 106.756426, -6.103789 ], [ 106.756416, -6.103781 ], [ 106.756406, -6.103781 ], [ 106.756397, -6.103780 ], [ 106.756384, -6.103769 ], [ 106.756374, -6.103761 ], [ 106.756362, -6.103758 ], [ 106.756350, -6.103755 ], [ 106.756307, -6.103756 ], [ 106.756268, -6.103765 ], [ 106.756206, -6.103774 ], [ 106.756204, -6.103775 ], [ 106.756169, -6.103786 ], [ 106.756147, -6.103790 ], [ 106.755995, -6.103754 ], [ 106.755984, -6.103731 ], [ 106.755954, -6.103724 ], [ 106.755932, -6.103739 ], [ 106.755931, -6.103738 ], [ 106.755861, -6.103722 ], [ 106.755850, -6.103719 ], [ 106.755781, -6.103702 ], [ 106.755767, -6.103693 ], [ 106.755733, -6.103668 ], [ 106.755726, -6.103663 ], [ 106.755719, -6.103657 ], [ 106.755669, -6.103640 ], [ 106.755595, -6.103618 ], [ 106.755527, -6.103605 ], [ 106.755452, -6.103592 ], [ 106.755422, -6.103586 ], [ 106.755385, -6.103578 ], [ 106.755343, -6.103581 ], [ 106.755276, -6.103585 ], [ 106.755225, -6.103574 ], [ 106.755175, -6.103568 ], [ 106.755128, -6.103567 ], [ 106.755082, -6.103550 ], [ 106.755023, -6.103525 ], [ 106.754962, -6.103498 ], [ 106.754918, -6.103475 ], [ 106.754833, -6.103441 ], [ 106.754767, -6.103410 ], [ 106.754697, -6.103384 ], [ 106.754626, -6.103352 ], [ 106.754497, -6.103278 ], [ 106.754443, -6.103248 ], [ 106.754353, -6.103206 ], [ 106.754228, -6.103150 ], [ 106.754050, -6.103063 ], [ 106.753806, -6.102918 ], [ 106.753642, -6.102799 ], [ 106.753556, -6.102739 ], [ 106.753464, -6.102692 ], [ 106.753354, -6.102608 ], [ 106.753151, -6.102409 ], [ 106.752905, -6.102180 ], [ 106.752777, -6.102055 ], [ 106.752655, -6.101948 ], [ 106.752565, -6.101888 ], [ 106.752509, -6.101859 ], [ 106.752446, -6.101787 ], [ 106.752378, -6.101755 ], [ 106.752283, -6.101728 ], [ 106.752104, -6.101636 ], [ 106.752066, -6.101591 ], [ 106.751962, -6.101526 ], [ 106.751878, -6.101466 ], [ 106.751777, -6.101389 ], [ 106.751688, -6.101297 ], [ 106.751629, -6.101231 ], [ 106.751536, -6.101112 ], [ 106.751501, -6.101076 ], [ 106.751474, -6.101047 ], [ 106.751444, -6.101026 ], [ 106.751427, -6.101007 ], [ 106.751443, -6.101002 ], [ 106.751482, -6.100975 ], [ 106.751506, -6.100936 ], [ 106.751515, -6.100883 ], [ 106.751550, -6.100826 ], [ 106.751604, -6.100823 ], [ 106.751708, -6.100850 ], [ 106.751762, -6.100877 ] ] ] } }
,
{ "type": "Feature", "properties": { "Fungsi": "Belum Terdefinisi" }, "geometry": { "type": "Polygon", "coordinates": [ [ [ 106.767814, -6.101478 ], [ 106.767830, -6.101522 ], [ 106.767780, -6.101461 ], [ 106.767712, -6.101363 ], [ 106.767656, -6.101270 ], [ 106.767551, -6.101098 ], [ 106.767477, -6.100976 ], [ 106.767450, -6.100890 ], [ 106.767432, -6.100813 ], [ 106.767462, -6.100873 ], [ 106.767496, -6.100940 ], [ 106.767540, -6.100995 ], [ 106.767580, -6.101029 ], [ 106.767614, -6.101079 ], [ 106.767668, -6.101195 ], [ 106.767713, -6.101248 ], [ 106.767740, -6.101288 ], [ 106.767761, -6.101330 ], [ 106.767778, -6.101379 ], [ 106.767795, -6.101427 ], [ 106.767814, -6.101478 ] ] ] } }
,
{ "type": "Feature", "properties": { "Fungsi": "Belum Terdefinisi" }, "geometry": { "type": "Polygon", "coordinates": [ [ [ 106.767305, -6.100699 ], [ 106.767365, -6.100746 ], [ 106.767328, -6.100718 ], [ 106.767305, -6.100699 ] ] ] } }
,
{ "type": "Feature", "properties": { "Fungsi": "Belum Terdefinisi" }, "geometry": { "type": "Polygon", "coordinates": [ [ [ 106.796594, -6.100771 ], [ 106.796554, -6.100798 ], [ 106.796576, -6.100565 ], [ 106.796644, -6.100664 ], [ 106.796651, -6.100722 ], [ 106.796594, -6.100771 ] ] ] } }
,
{ "type": "Feature", "properties": { "Fungsi": "Belum Terdefinisi" }, "geometry": { "type": "Polygon", "coordinates": [ [ [ 106.750399, -6.100663 ], [ 106.750366, -6.100675 ], [ 106.750355, -6.100672 ], [ 106.750345, -6.100669 ], [ 106.750330, -6.100630 ], [ 106.750330, -6.100586 ], [ 106.750339, -6.100532 ], [ 106.750349, -6.100491 ], [ 106.750352, -6.100502 ], [ 106.750379, -6.100517 ], [ 106.750423, -6.100535 ], [ 106.750480, -6.100550 ], [ 106.750503, -6.100588 ], [ 106.750524, -6.100624 ], [ 106.750526, -6.100630 ], [ 106.750494, -6.100633 ], [ 106.750446, -6.100654 ], [ 106.750399, -6.100663 ] ] ] } }
,
{ "type": "Feature", "properties": { "Fungsi": "Belum Terdefinisi" }, "geometry": { "type": "Polygon", "coordinates": [ [ [ 106.750423, -6.099970 ], [ 106.750396, -6.099984 ], [ 106.750384, -6.099981 ], [ 106.750369, -6.099951 ], [ 106.750386, -6.099880 ], [ 106.750409, -6.099834 ], [ 106.750420, -6.099854 ], [ 106.750432, -6.099907 ], [ 106.750432, -6.099937 ], [ 106.750423, -6.099970 ] ] ] } }
,
{ "type": "Feature", "properties": { "Fungsi": "Belum Terdefinisi" }, "geometry": { "type": "Polygon", "coordinates": [ [ [ 106.749752, -6.099805 ], [ 106.749708, -6.099824 ], [ 106.749751, -6.099770 ], [ 106.749804, -6.099751 ], [ 106.749795, -6.099759 ], [ 106.749752, -6.099805 ] ] ] } }
,
{ "type": "Feature", "properties": { "Fungsi": "Belum Terdefinisi" }, "geometry": { "type": "Polygon", "coordinates": [ [ [ 106.796615, -6.100454 ], [ 106.796581, -6.100511 ], [ 106.796654, -6.099750 ], [ 106.796676, -6.099851 ], [ 106.796690, -6.099886 ], [ 106.796697, -6.099940 ], [ 106.796694, -6.100001 ], [ 106.796694, -6.100079 ], [ 106.796697, -6.100165 ], [ 106.796690, -6.100250 ], [ 106.796662, -6.100308 ], [ 106.796637, -6.100390 ], [ 106.796615, -6.100454 ] ] ] } }
,
{ "type": "Feature", "properties": { "Fungsi": "Belum Terdefinisi" }, "geometry": { "type": "Polygon", "coordinates": [ [ [ 106.765418, -6.099821 ], [ 106.765357, -6.099896 ], [ 106.765285, -6.099956 ], [ 106.765228, -6.099971 ], [ 106.765168, -6.100005 ], [ 106.765121, -6.100044 ], [ 106.765103, -6.100130 ], [ 106.765053, -6.100241 ], [ 106.765035, -6.100265 ], [ 106.765037, -6.100193 ], [ 106.764984, -6.100140 ], [ 106.764961, -6.100083 ], [ 106.764980, -6.100017 ], [ 106.765046, -6.099964 ], [ 106.765127, -6.099907 ], [ 106.765146, -6.099888 ], [ 106.765146, -6.099850 ], [ 106.765118, -6.099826 ], [ 106.765084, -6.099826 ], [ 106.764964, -6.099841 ], [ 106.765011, -6.099805 ], [ 106.765050, -6.099759 ], [ 106.765175, -6.099728 ], [ 106.765260, -6.099757 ], [ 106.765389, -6.099771 ], [ 106.765418, -6.099821 ] ] ] } }
,
{ "type": "Feature", "properties": { "Fungsi": "Belum Terdefinisi" }, "geometry": { "type": "Polygon", "coordinates": [ [ [ 106.764650, -6.099730 ], [ 106.764622, -6.099736 ], [ 106.764623, -6.099736 ], [ 106.764780, -6.099684 ], [ 106.764850, -6.099679 ], [ 106.764786, -6.099712 ], [ 106.764650, -6.099730 ] ] ] } }
,
{ "type": "Feature", "properties": { "Fungsi": "Belum Terdefinisi" }, "geometry": { "type": "Polygon", "coordinates": [ [ [ 106.749872, -6.099720 ], [ 106.749849, -6.099720 ], [ 106.749879, -6.099687 ], [ 106.749903, -6.099639 ], [ 106.749926, -6.099619 ], [ 106.749966, -6.099599 ], [ 106.749955, -6.099616 ], [ 106.749912, -6.099666 ], [ 106.749899, -6.099681 ], [ 106.749872, -6.099720 ] ] ] } }
,
{ "type": "Feature", "properties": { "Fungsi": "Belum Terdefinisi" }, "geometry": { "type": "Polygon", "coordinates": [ [ [ 106.750173, -6.099422 ], [ 106.750200, -6.099437 ], [ 106.750248, -6.099434 ], [ 106.750257, -6.099446 ], [ 106.750190, -6.099438 ], [ 106.750114, -6.099461 ], [ 106.750114, -6.099443 ], [ 106.750126, -6.099416 ], [ 106.750147, -6.099410 ], [ 106.750173, -6.099422 ] ] ] } }
,
{ "type": "Feature", "properties": { "Fungsi": "Belum Terdefinisi" }, "geometry": { "type": "Polygon", "coordinates": [ [ [ 106.791368, -6.099716 ], [ 106.791479, -6.099731 ], [ 106.791521, -6.099728 ], [ 106.791538, -6.099705 ], [ 106.791536, -6.099743 ], [ 106.791505, -6.099740 ], [ 106.791403, -6.099730 ], [ 106.791345, -6.099727 ], [ 106.791335, -6.099718 ], [ 106.791309, -6.099701 ], [ 106.791285, -6.099684 ], [ 106.791262, -6.099655 ], [ 106.791238, -6.099614 ], [ 106.791232, -6.099576 ], [ 106.791232, -6.099530 ], [ 106.791238, -6.099457 ], [ 106.791246, -6.099334 ], [ 106.791261, -6.099335 ], [ 106.791245, -6.099559 ], [ 106.791260, -6.099612 ], [ 106.791305, -6.099682 ], [ 106.791368, -6.099716 ] ] ] } }
,
{ "type": "Feature", "properties": { "Fungsi": "Belum Terdefinisi" }, "geometry": { "type": "Polygon", "coordinates": [ [ [ 106.765027, -6.099260 ], [ 106.765236, -6.099498 ], [ 106.765128, -6.099523 ], [ 106.765061, -6.099548 ], [ 106.764975, -6.099580 ], [ 106.764969, -6.099585 ], [ 106.764961, -6.099560 ], [ 106.764870, -6.099526 ], [ 106.764794, -6.099469 ], [ 106.764704, -6.099441 ], [ 106.764613, -6.099427 ], [ 106.764489, -6.099507 ], [ 106.764423, -6.099579 ], [ 106.764304, -6.099669 ], [ 106.764252, -6.099769 ], [ 106.764156, -6.099874 ], [ 106.764104, -6.099964 ], [ 106.764096, -6.099983 ], [ 106.764008, -6.100037 ], [ 106.763894, -6.100069 ], [ 106.763829, -6.100133 ], [ 106.763704, -6.100233 ], [ 106.763622, -6.100316 ], [ 106.763590, -6.100415 ], [ 106.763483, -6.100540 ], [ 106.763405, -6.100690 ], [ 106.763415, -6.100819 ], [ 106.763343, -6.100773 ], [ 106.763295, -6.100659 ], [ 106.763305, -6.100507 ], [ 106.763400, -6.100364 ], [ 106.763581, -6.100212 ], [ 106.763752, -6.100050 ], [ 106.763942, -6.099907 ], [ 106.764085, -6.099736 ], [ 106.764161, -6.099574 ], [ 106.764237, -6.099422 ], [ 106.764304, -6.099289 ], [ 106.764371, -6.099184 ], [ 106.764428, -6.099070 ], [ 106.764551, -6.099003 ], [ 106.764742, -6.099022 ], [ 106.764837, -6.099098 ], [ 106.764942, -6.099193 ], [ 106.765027, -6.099260 ] ] ] } }
,
{ "type": "Feature", "properties": { "Fungsi": "Belum Terdefinisi" }, "geometry": { "type": "Polygon", "coordinates": [ [ [ 106.793498, -6.098355 ], [ 106.793507, -6.098359 ], [ 106.793520, -6.098359 ], [ 106.793508, -6.098512 ], [ 106.793494, -6.098622 ], [ 106.793460, -6.098783 ], [ 106.793498, -6.098355 ] ] ] } }
,
{ "type": "Feature", "properties": { "Fungsi": "Belum Terdefinisi" }, "geometry": { "type": "Polygon", "coordinates": [ [ [ 106.791477, -6.097620 ], [ 106.791417, -6.098304 ], [ 106.791344, -6.099132 ], [ 106.791315, -6.099130 ], [ 106.791318, -6.099113 ], [ 106.791372, -6.098565 ], [ 106.791398, -6.098333 ], [ 106.791416, -6.098131 ], [ 106.791443, -6.097898 ], [ 106.791477, -6.097620 ] ] ] } }
,
{ "type": "Feature", "properties": { "Fungsi": "Belum Terdefinisi" }, "geometry": { "type": "Polygon", "coordinates": [ [ [ 106.793465, -6.097040 ], [ 106.793489, -6.097071 ], [ 106.793372, -6.096977 ], [ 106.793415, -6.096999 ], [ 106.793451, -6.097023 ], [ 106.793465, -6.097040 ] ] ] } }
,
{ "type": "Feature", "properties": { "Fungsi": "Belum Terdefinisi" }, "geometry": { "type": "Polygon", "coordinates": [ [ [ 106.791477, -6.097620 ], [ 106.791499, -6.097385 ], [ 106.791513, -6.097236 ], [ 106.791525, -6.097151 ], [ 106.791558, -6.097001 ], [ 106.791578, -6.096931 ], [ 106.791609, -6.096850 ], [ 106.791619, -6.096853 ], [ 106.791619, -6.096866 ], [ 106.791624, -6.096876 ], [ 106.791575, -6.096959 ], [ 106.791477, -6.097620 ] ] ] } }
,
{ "type": "Feature", "properties": { "Fungsi": "Belum Terdefinisi" }, "geometry": { "type": "Polygon", "coordinates": [ [ [ 106.957680, -6.097144 ], [ 106.957665, -6.097181 ], [ 106.957695, -6.097027 ], [ 106.957717, -6.096963 ], [ 106.957772, -6.096901 ], [ 106.957881, -6.096825 ], [ 106.957813, -6.096879 ], [ 106.957680, -6.097144 ] ] ] } }
,
{ "type": "Feature", "properties": { "Fungsi": "Belum Terdefinisi" }, "geometry": { "type": "Polygon", "coordinates": [ [ [ 106.793100, -6.096819 ], [ 106.793061, -6.096888 ], [ 106.793044, -6.096879 ], [ 106.793093, -6.096802 ], [ 106.793106, -6.096808 ], [ 106.793100, -6.096819 ] ] ] } }
,
{ "type": "Feature", "properties": { "Fungsi": "Belum Terdefinisi" }, "geometry": { "type": "Polygon", "coordinates": [ [ [ 106.793036, -6.096787 ], [ 106.793032, -6.096795 ], [ 106.792932, -6.096741 ], [ 106.792938, -6.096729 ], [ 106.792943, -6.096735 ], [ 106.793036, -6.096787 ] ] ] } }
,
{ "type": "Feature", "properties": { "Fungsi": "Belum Terdefinisi" }, "geometry": { "type": "Polygon", "coordinates": [ [ [ 106.949856, -6.096652 ], [ 106.949821, -6.096657 ], [ 106.949773, -6.096650 ], [ 106.949732, -6.096648 ], [ 106.949739, -6.096607 ], [ 106.949905, -6.096605 ], [ 106.949909, -6.096605 ], [ 106.949880, -6.096649 ], [ 106.949868, -6.096651 ], [ 106.949856, -6.096652 ] ] ] } }
,
{ "type": "Feature", "properties": { "Fungsi": "Belum Terdefinisi" }, "geometry": { "type": "Polygon", "coordinates": [ [ [ 106.792658, -6.096593 ], [ 106.792657, -6.096594 ], [ 106.792635, -6.096582 ], [ 106.792658, -6.096593 ] ] ] } }
,
{ "type": "Feature", "properties": { "Fungsi": "Belum Terdefinisi" }, "geometry": { "type": "Polygon", "coordinates": [ [ [ 106.793597, -6.096520 ], [ 106.793535, -6.096535 ], [ 106.793531, -6.096513 ], [ 106.793537, -6.096513 ], [ 106.793597, -6.096520 ] ] ] } }
,
{ "type": "Feature", "properties": { "Fungsi": "Belum Terdefinisi" }, "geometry": { "type": "Polygon", "coordinates": [ [ [ 106.793472, -6.096512 ], [ 106.793470, -6.096518 ], [ 106.793342, -6.096509 ], [ 106.793236, -6.096492 ], [ 106.793238, -6.096484 ], [ 106.793458, -6.096512 ], [ 106.793472, -6.096512 ] ] ] } }
,
{ "type": "Feature", "properties": { "Fungsi": "Belum Terdefinisi" }, "geometry": { "type": "Polygon", "coordinates": [ [ [ 106.793161, -6.096477 ], [ 106.793156, -6.096486 ], [ 106.792899, -6.096361 ], [ 106.792726, -6.096273 ], [ 106.792787, -6.096287 ], [ 106.792873, -6.096315 ], [ 106.793154, -6.096477 ], [ 106.793161, -6.096477 ] ] ] } }
,
{ "type": "Feature", "properties": { "Fungsi": "Belum Terdefinisi" }, "geometry": { "type": "Polygon", "coordinates": [ [ [ 106.792707, -6.096219 ], [ 106.792707, -6.096221 ], [ 106.792706, -6.096263 ], [ 106.792700, -6.096259 ], [ 106.792707, -6.096219 ] ] ] } }
,
{ "type": "Feature", "properties": { "Fungsi": "Belum Terdefinisi" }, "geometry": { "type": "Polygon", "coordinates": [ [ [ 106.958711, -6.096216 ], [ 106.958130, -6.096629 ], [ 106.958476, -6.096363 ], [ 106.958628, -6.096223 ], [ 106.958661, -6.096211 ], [ 106.958711, -6.096209 ], [ 106.958711, -6.096216 ] ] ] } }
,
{ "type": "Feature", "properties": { "Fungsi": "Belum Terdefinisi" }, "geometry": { "type": "Polygon", "coordinates": [ [ [ 106.792253, -6.096106 ], [ 106.792316, -6.096127 ], [ 106.792234, -6.096122 ], [ 106.792241, -6.096098 ], [ 106.792253, -6.096100 ], [ 106.792253, -6.096106 ] ] ] } }
,
{ "type": "Feature", "properties": { "Fungsi": "Belum Terdefinisi" }, "geometry": { "type": "Polygon", "coordinates": [ [ [ 106.792707, -6.096219 ], [ 106.792672, -6.096214 ], [ 106.792451, -6.096157 ], [ 106.792469, -6.096132 ], [ 106.792520, -6.096092 ], [ 106.792553, -6.096083 ], [ 106.792655, -6.096106 ], [ 106.792692, -6.096149 ], [ 106.792707, -6.096219 ] ] ] } }
,
{ "type": "Feature", "properties": { "Fungsi": "Belum Terdefinisi" }, "geometry": { "type": "Polygon", "coordinates": [ [ [ 106.792190, -6.096091 ], [ 106.792184, -6.096115 ], [ 106.792120, -6.096108 ], [ 106.792076, -6.096098 ], [ 106.792017, -6.096084 ], [ 106.791945, -6.096058 ], [ 106.792190, -6.096091 ] ] ] } }
,
{ "type": "Feature", "properties": { "Fungsi": "Belum Terdefinisi" }, "geometry": { "type": "Polygon", "coordinates": [ [ [ 106.796344, -6.094007 ], [ 106.796054, -6.094016 ], [ 106.795948, -6.094016 ], [ 106.795764, -6.094063 ], [ 106.795727, -6.094081 ], [ 106.795637, -6.094111 ], [ 106.795587, -6.094140 ], [ 106.795484, -6.094211 ], [ 106.795398, -6.094293 ], [ 106.795348, -6.094365 ], [ 106.795294, -6.094451 ], [ 106.795269, -6.094511 ], [ 106.795244, -6.094554 ], [ 106.795209, -6.094536 ], [ 106.795234, -6.094493 ], [ 106.795205, -6.094490 ], [ 106.795219, -6.094433 ], [ 106.795269, -6.094365 ], [ 106.795341, -6.094283 ], [ 106.795451, -6.094172 ], [ 106.795573, -6.094083 ], [ 106.795708, -6.094022 ], [ 106.795855, -6.093987 ], [ 106.796033, -6.093965 ], [ 106.796180, -6.093976 ], [ 106.796350, -6.094006 ], [ 106.796344, -6.094007 ] ] ] } }
,
{ "type": "Feature", "properties": { "Fungsi": "Belum Terdefinisi" }, "geometry": { "type": "Polygon", "coordinates": [ [ [ 106.958727, -6.095947 ], [ 106.958716, -6.096128 ], [ 106.958702, -6.096097 ], [ 106.958666, -6.096092 ], [ 106.958692, -6.095590 ], [ 106.958714, -6.094973 ], [ 106.958735, -6.094652 ], [ 106.958764, -6.093798 ], [ 106.958797, -6.093765 ], [ 106.958859, -6.093712 ], [ 106.958888, -6.093681 ], [ 106.959032, -6.093837 ], [ 106.959046, -6.093853 ], [ 106.959053, -6.093860 ], [ 106.958967, -6.094198 ], [ 106.958954, -6.094248 ], [ 106.958894, -6.094483 ], [ 106.958779, -6.095309 ], [ 106.958762, -6.095432 ], [ 106.958727, -6.095947 ] ] ] } }
,
{ "type": "Feature", "properties": { "Fungsi": "Belum Terdefinisi" }, "geometry": { "type": "Polygon", "coordinates": [ [ [ 106.964732, -6.093677 ], [ 106.964773, -6.093709 ], [ 106.964748, -6.093702 ], [ 106.964656, -6.093698 ], [ 106.964610, -6.093698 ], [ 106.964684, -6.093677 ], [ 106.964732, -6.093677 ] ] ] } }
,
{ "type": "Feature", "properties": { "Fungsi": "Belum Terdefinisi" }, "geometry": { "type": "Polygon", "coordinates": [ [ [ 106.738759, -6.094480 ], [ 106.738724, -6.094534 ], [ 106.738944, -6.094102 ], [ 106.739177, -6.093579 ], [ 106.739030, -6.093965 ], [ 106.738886, -6.094217 ], [ 106.738759, -6.094480 ] ] ] } }
,
{ "type": "Feature", "properties": { "Fungsi": "Belum Terdefinisi" }, "geometry": { "type": "Polygon", "coordinates": [ [ [ 106.790368, -6.099989 ], [ 106.790360, -6.100848 ], [ 106.790061, -6.100872 ], [ 106.789992, -6.100885 ], [ 106.790016, -6.101470 ], [ 106.789993, -6.101471 ], [ 106.789972, -6.100850 ], [ 106.789957, -6.100507 ], [ 106.789988, -6.100493 ], [ 106.790022, -6.100490 ], [ 106.790174, -6.100490 ], [ 106.790293, -6.100500 ], [ 106.790288, -6.100105 ], [ 106.790324, -6.100102 ], [ 106.790324, -6.099850 ], [ 106.790338, -6.099707 ], [ 106.790357, -6.099524 ], [ 106.790386, -6.099217 ], [ 106.790429, -6.098846 ], [ 106.790457, -6.098572 ], [ 106.790507, -6.098108 ], [ 106.790557, -6.097652 ], [ 106.790586, -6.097373 ], [ 106.790621, -6.096990 ], [ 106.790659, -6.096619 ], [ 106.790700, -6.096214 ], [ 106.790738, -6.095836 ], [ 106.790769, -6.095500 ], [ 106.790800, -6.095184 ], [ 106.790802, -6.095060 ], [ 106.790845, -6.094675 ], [ 106.790866, -6.094413 ], [ 106.790895, -6.094201 ], [ 106.790935, -6.094059 ], [ 106.791012, -6.093859 ], [ 106.791128, -6.093666 ], [ 106.791228, -6.093537 ], [ 106.791307, -6.093454 ], [ 106.791416, -6.093366 ], [ 106.791533, -6.093285 ], [ 106.791652, -6.093202 ], [ 106.791775, -6.093133 ], [ 106.791901, -6.093081 ], [ 106.792094, -6.093033 ], [ 106.792446, -6.092950 ], [ 106.792760, -6.092876 ], [ 106.792953, -6.092840 ], [ 106.793094, -6.092831 ], [ 106.793232, -6.092828 ], [ 106.793353, -6.092840 ], [ 106.793612, -6.092862 ], [ 106.792957, -6.092865 ], [ 106.791975, -6.093099 ], [ 106.791488, -6.093335 ], [ 106.791309, -6.093489 ], [ 106.791182, -6.093632 ], [ 106.791042, -6.093865 ], [ 106.790962, -6.094064 ], [ 106.790908, -6.094282 ], [ 106.790839, -6.095110 ], [ 106.790770, -6.095819 ], [ 106.790658, -6.096928 ], [ 106.790571, -6.097789 ], [ 106.790471, -6.098750 ], [ 106.790368, -6.099989 ] ] ] } }
,
{ "type": "Feature", "properties": { "Fungsi": "Belum Terdefinisi" }, "geometry": { "type": "Polygon", "coordinates": [ [ [ 106.962674, -6.092657 ], [ 106.962581, -6.092659 ], [ 106.962745, -6.092639 ], [ 106.962674, -6.092657 ] ] ] } }
,
{ "type": "Feature", "properties": { "Fungsi": "Belum Terdefinisi" }, "geometry": { "type": "Polygon", "coordinates": [ [ [ 106.963137, -6.092589 ], [ 106.963239, -6.092604 ], [ 106.963292, -6.092604 ], [ 106.963355, -6.092598 ], [ 106.963408, -6.092604 ], [ 106.963488, -6.092613 ], [ 106.963521, -6.092622 ], [ 106.963548, -6.092637 ], [ 106.963584, -6.092640 ], [ 106.963607, -6.092688 ], [ 106.963560, -6.092711 ], [ 106.963500, -6.092714 ], [ 106.963429, -6.092699 ], [ 106.963289, -6.092682 ], [ 106.963158, -6.092682 ], [ 106.963072, -6.092714 ], [ 106.963063, -6.092759 ], [ 106.963087, -6.092807 ], [ 106.963140, -6.092812 ], [ 106.963173, -6.092851 ], [ 106.963170, -6.092890 ], [ 106.963164, -6.092940 ], [ 106.963182, -6.092991 ], [ 106.963242, -6.093030 ], [ 106.963307, -6.093036 ], [ 106.963396, -6.093021 ], [ 106.963441, -6.092991 ], [ 106.963518, -6.092923 ], [ 106.963551, -6.092890 ], [ 106.963601, -6.092857 ], [ 106.963646, -6.092845 ], [ 106.963717, -6.092845 ], [ 106.963759, -6.092863 ], [ 106.963819, -6.092905 ], [ 106.963872, -6.092911 ], [ 106.963914, -6.092884 ], [ 106.963964, -6.092866 ], [ 106.964024, -6.092872 ], [ 106.964059, -6.092905 ], [ 106.964089, -6.092964 ], [ 106.964104, -6.093024 ], [ 106.964101, -6.093104 ], [ 106.964113, -6.093181 ], [ 106.964140, -6.093256 ], [ 106.964202, -6.093318 ], [ 106.964238, -6.093369 ], [ 106.964297, -6.093407 ], [ 106.964300, -6.093452 ], [ 106.964265, -6.093479 ], [ 106.964223, -6.093517 ], [ 106.964232, -6.093553 ], [ 106.964283, -6.093556 ], [ 106.964330, -6.093514 ], [ 106.964381, -6.093470 ], [ 106.964425, -6.093419 ], [ 106.964506, -6.093384 ], [ 106.964601, -6.093398 ], [ 106.964648, -6.093443 ], [ 106.964654, -6.093511 ], [ 106.964631, -6.093559 ], [ 106.964580, -6.093601 ], [ 106.964512, -6.093639 ], [ 106.964470, -6.093648 ], [ 106.964479, -6.093675 ], [ 106.964500, -6.093698 ], [ 106.964344, -6.093687 ], [ 106.964230, -6.093664 ], [ 106.964146, -6.093603 ], [ 106.964081, -6.093542 ], [ 106.964024, -6.093439 ], [ 106.963979, -6.093351 ], [ 106.963941, -6.093256 ], [ 106.963847, -6.093141 ], [ 106.963810, -6.093065 ], [ 106.963779, -6.093023 ], [ 106.963701, -6.092983 ], [ 106.963655, -6.092971 ], [ 106.963586, -6.092972 ], [ 106.963519, -6.093008 ], [ 106.963473, -6.093037 ], [ 106.963445, -6.093058 ], [ 106.963393, -6.093099 ], [ 106.963363, -6.093131 ], [ 106.963311, -6.093166 ], [ 106.963262, -6.093191 ], [ 106.963204, -6.093189 ], [ 106.963162, -6.093172 ], [ 106.963133, -6.093128 ], [ 106.963062, -6.092954 ], [ 106.963015, -6.092853 ], [ 106.962906, -6.092598 ], [ 106.963010, -6.092563 ], [ 106.963063, -6.092566 ], [ 106.963137, -6.092589 ] ] ] } }
,
{ "type": "Feature", "properties": { "Fungsi": "Belum Terdefinisi" }, "geometry": { "type": "Polygon", "coordinates": [ [ [ 106.950515, -6.092461 ], [ 106.950526, -6.092606 ], [ 106.950545, -6.092597 ], [ 106.950583, -6.092510 ], [ 106.950669, -6.092548 ], [ 106.950689, -6.092904 ], [ 106.950739, -6.093821 ], [ 106.950831, -6.095511 ], [ 106.949984, -6.095552 ], [ 106.949883, -6.095557 ], [ 106.949648, -6.095569 ], [ 106.949648, -6.095547 ], [ 106.950076, -6.095521 ], [ 106.950733, -6.095467 ], [ 106.950690, -6.094934 ], [ 106.950673, -6.094693 ], [ 106.950628, -6.094061 ], [ 106.950595, -6.093638 ], [ 106.950515, -6.092461 ] ] ] } }
,
{ "type": "Feature", "properties": { "Fungsi": "Belum Terdefinisi" }, "geometry": { "type": "Polygon", "coordinates": [ [ [ 106.967755, -6.092624 ], [ 106.967313, -6.092946 ], [ 106.967395, -6.092856 ], [ 106.967497, -6.092704 ], [ 106.967545, -6.092645 ], [ 106.967575, -6.092595 ], [ 106.967618, -6.092554 ], [ 106.967654, -6.092511 ], [ 106.967690, -6.092459 ], [ 106.967761, -6.092359 ], [ 106.967794, -6.092309 ], [ 106.967842, -6.092204 ], [ 106.967859, -6.092133 ], [ 106.967863, -6.092043 ], [ 106.967871, -6.091912 ], [ 106.967865, -6.091745 ], [ 106.967900, -6.091935 ], [ 106.967968, -6.092179 ], [ 106.967972, -6.092274 ], [ 106.967930, -6.092377 ], [ 106.967860, -6.092465 ], [ 106.967858, -6.092468 ], [ 106.967755, -6.092624 ] ] ] } }
,
{ "type": "Feature", "properties": { "Fungsi": "Belum Terdefinisi" }, "geometry": { "type": "Polygon", "coordinates": [ [ [ 106.966374, -6.091962 ], [ 106.966347, -6.091963 ], [ 106.966340, -6.091941 ], [ 106.966340, -6.091920 ], [ 106.966349, -6.091912 ], [ 106.966380, -6.091904 ], [ 106.966467, -6.091889 ], [ 106.966570, -6.091864 ], [ 106.966762, -6.091802 ], [ 106.966911, -6.091750 ], [ 106.967094, -6.091682 ], [ 106.967214, -6.091634 ], [ 106.967332, -6.091598 ], [ 106.967467, -6.091562 ], [ 106.967533, -6.091539 ], [ 106.967600, -6.091510 ], [ 106.967674, -6.091444 ], [ 106.967762, -6.091366 ], [ 106.967800, -6.091333 ], [ 106.967828, -6.091307 ], [ 106.967837, -6.091435 ], [ 106.967798, -6.091440 ], [ 106.967762, -6.091457 ], [ 106.967707, -6.091489 ], [ 106.967657, -6.091529 ], [ 106.967613, -6.091581 ], [ 106.967579, -6.091598 ], [ 106.967526, -6.091609 ], [ 106.967471, -6.091613 ], [ 106.967415, -6.091627 ], [ 106.967297, -6.091665 ], [ 106.967170, -6.091718 ], [ 106.966962, -6.091794 ], [ 106.966753, -6.091857 ], [ 106.966642, -6.091899 ], [ 106.966582, -6.091922 ], [ 106.966502, -6.091937 ], [ 106.966450, -6.091944 ], [ 106.966410, -6.091954 ], [ 106.966374, -6.091962 ] ] ] } }
,
{ "type": "Feature", "properties": { "Fungsi": "Belum Terdefinisi" }, "geometry": { "type": "Polygon", "coordinates": [ [ [ 106.968061, -6.091173 ], [ 106.967942, -6.091174 ], [ 106.967919, -6.090999 ], [ 106.967916, -6.090985 ], [ 106.967889, -6.090873 ], [ 106.967856, -6.090752 ], [ 106.967901, -6.090865 ], [ 106.967929, -6.090922 ], [ 106.967952, -6.090968 ], [ 106.967971, -6.090991 ], [ 106.967996, -6.091019 ], [ 106.968011, -6.091050 ], [ 106.968021, -6.091078 ], [ 106.968024, -6.091101 ], [ 106.968032, -6.091126 ], [ 106.968061, -6.091173 ] ] ] } }
,
{ "type": "Feature", "properties": { "Fungsi": "Belum Terdefinisi" }, "geometry": { "type": "Polygon", "coordinates": [ [ [ 106.969894, -6.091153 ], [ 106.969721, -6.091155 ], [ 106.969721, -6.091098 ], [ 106.969687, -6.091090 ], [ 106.969685, -6.091075 ], [ 106.969692, -6.091052 ], [ 106.969719, -6.091033 ], [ 106.969748, -6.091014 ], [ 106.969778, -6.090988 ], [ 106.969799, -6.090963 ], [ 106.969822, -6.090938 ], [ 106.969848, -6.090910 ], [ 106.969881, -6.090879 ], [ 106.969906, -6.090850 ], [ 106.969936, -6.090820 ], [ 106.969972, -6.090788 ], [ 106.970006, -6.090755 ], [ 106.970038, -6.090715 ], [ 106.970047, -6.090773 ], [ 106.969894, -6.091153 ] ] ] } }
,
{ "type": "Feature", "properties": { "Fungsi": "Belum Terdefinisi" }, "geometry": { "type": "Polygon", "coordinates": [ [ [ 106.731397, -6.090943 ], [ 106.731578, -6.091143 ], [ 106.731232, -6.090797 ], [ 106.731025, -6.090607 ], [ 106.731299, -6.090847 ], [ 106.731397, -6.090943 ] ] ] } }
,
{ "type": "Feature", "properties": { "Fungsi": "Belum Terdefinisi" }, "geometry": { "type": "Polygon", "coordinates": [ [ [ 106.948267, -6.092692 ], [ 106.948296, -6.093099 ], [ 106.948360, -6.093799 ], [ 106.948467, -6.093789 ], [ 106.948479, -6.093806 ], [ 106.948505, -6.094208 ], [ 106.948546, -6.094562 ], [ 106.948572, -6.094917 ], [ 106.948586, -6.095145 ], [ 106.948610, -6.095386 ], [ 106.948613, -6.095474 ], [ 106.948518, -6.095465 ], [ 106.948512, -6.095388 ], [ 106.948512, -6.095315 ], [ 106.948512, -6.095292 ], [ 106.948475, -6.095190 ], [ 106.948350, -6.095203 ], [ 106.948314, -6.095242 ], [ 106.948232, -6.095332 ], [ 106.948213, -6.095353 ], [ 106.948178, -6.095496 ], [ 106.948270, -6.095699 ], [ 106.948286, -6.095735 ], [ 106.948340, -6.095849 ], [ 106.948521, -6.096141 ], [ 106.948867, -6.095990 ], [ 106.949661, -6.095916 ], [ 106.949698, -6.095932 ], [ 106.949780, -6.096003 ], [ 106.949894, -6.096308 ], [ 106.949908, -6.096445 ], [ 106.949915, -6.096511 ], [ 106.949916, -6.096521 ], [ 106.949639, -6.096543 ], [ 106.949520, -6.096529 ], [ 106.949302, -6.096501 ], [ 106.949102, -6.096477 ], [ 106.948897, -6.096458 ], [ 106.948664, -6.096439 ], [ 106.948459, -6.096434 ], [ 106.948345, -6.096439 ], [ 106.948216, -6.096439 ], [ 106.948078, -6.096443 ], [ 106.947983, -6.096463 ], [ 106.947917, -6.096463 ], [ 106.947845, -6.096458 ], [ 106.947731, -6.096463 ], [ 106.947669, -6.096477 ], [ 106.947417, -6.096510 ], [ 106.947184, -6.096548 ], [ 106.947070, -6.096581 ], [ 106.946974, -6.096581 ], [ 106.946855, -6.096581 ], [ 106.946803, -6.096586 ], [ 106.946746, -6.096605 ], [ 106.946694, -6.096629 ], [ 106.946637, -6.096639 ], [ 106.946560, -6.096639 ], [ 106.946479, -6.096605 ], [ 106.946437, -6.096577 ], [ 106.946399, -6.096510 ], [ 106.946380, -6.096448 ], [ 106.946380, -6.096358 ], [ 106.946375, -6.096267 ], [ 106.946375, -6.096186 ], [ 106.946375, -6.096101 ], [ 106.946394, -6.096001 ], [ 106.946389, -6.095910 ], [ 106.946384, -6.095815 ], [ 106.946380, -6.095673 ], [ 106.946384, -6.095525 ], [ 106.946375, -6.095430 ], [ 106.946370, -6.095349 ], [ 106.946356, -6.095282 ], [ 106.946338, -6.095231 ], [ 106.946345, -6.095191 ], [ 106.946350, -6.095155 ], [ 106.946342, -6.095117 ], [ 106.946319, -6.095074 ], [ 106.946300, -6.095038 ], [ 106.946290, -6.094991 ], [ 106.946290, -6.094946 ], [ 106.946302, -6.094910 ], [ 106.946323, -6.094872 ], [ 106.946342, -6.094836 ], [ 106.946350, -6.094805 ], [ 106.946350, -6.094772 ], [ 106.946359, -6.094741 ], [ 106.946376, -6.094712 ], [ 106.946402, -6.094700 ], [ 106.946452, -6.094691 ], [ 106.946490, -6.094698 ], [ 106.946530, -6.094731 ], [ 106.946557, -6.094777 ], [ 106.946590, -6.094822 ], [ 106.946626, -6.094869 ], [ 106.946661, -6.094915 ], [ 106.946706, -6.094946 ], [ 106.946737, -6.094955 ], [ 106.946790, -6.094950 ], [ 106.946816, -6.094929 ], [ 106.946873, -6.094924 ], [ 106.946909, -6.094931 ], [ 106.946963, -6.094967 ], [ 106.947011, -6.095003 ], [ 106.947066, -6.094998 ], [ 106.947109, -6.094981 ], [ 106.947151, -6.094946 ], [ 106.947180, -6.094907 ], [ 106.947206, -6.094865 ], [ 106.947232, -6.094824 ], [ 106.947256, -6.094800 ], [ 106.947266, -6.094774 ], [ 106.947254, -6.094739 ], [ 106.947235, -6.094705 ], [ 106.947232, -6.094662 ], [ 106.947232, -6.094624 ], [ 106.947235, -6.094562 ], [ 106.947239, -6.094496 ], [ 106.947242, -6.094462 ], [ 106.947244, -6.094405 ], [ 106.947247, -6.094367 ], [ 106.947239, -6.094315 ], [ 106.947228, -6.094270 ], [ 106.947204, -6.094227 ], [ 106.947175, -6.094191 ], [ 106.947144, -6.094170 ], [ 106.947121, -6.094153 ], [ 106.947082, -6.094139 ], [ 106.947044, -6.094137 ], [ 106.946994, -6.094146 ], [ 106.946963, -6.094156 ], [ 106.946918, -6.094165 ], [ 106.946883, -6.094165 ], [ 106.946818, -6.094167 ], [ 106.946780, -6.094160 ], [ 106.946711, -6.094132 ], [ 106.946671, -6.094101 ], [ 106.946633, -6.094082 ], [ 106.946599, -6.094070 ], [ 106.946561, -6.094065 ], [ 106.946519, -6.094058 ], [ 106.946478, -6.094039 ], [ 106.946464, -6.094015 ], [ 106.946447, -6.093996 ], [ 106.946433, -6.093977 ], [ 106.946400, -6.093953 ], [ 106.946376, -6.093939 ], [ 106.946364, -6.093915 ], [ 106.946373, -6.093856 ], [ 106.946390, -6.093825 ], [ 106.946428, -6.093780 ], [ 106.946457, -6.093753 ], [ 106.946504, -6.093718 ], [ 106.946545, -6.093699 ], [ 106.946614, -6.093675 ], [ 106.946657, -6.093656 ], [ 106.946730, -6.093637 ], [ 106.946780, -6.093630 ], [ 106.946847, -6.093615 ], [ 106.946892, -6.093594 ], [ 106.946933, -6.093563 ], [ 106.946973, -6.093527 ], [ 106.947025, -6.093489 ], [ 106.947063, -6.093468 ], [ 106.947137, -6.093437 ], [ 106.947199, -6.093430 ], [ 106.947273, -6.093382 ], [ 106.947342, -6.093342 ], [ 106.947389, -6.093306 ], [ 106.947430, -6.093256 ], [ 106.947456, -6.093211 ], [ 106.947504, -6.093111 ], [ 106.947525, -6.093066 ], [ 106.947535, -6.093013 ], [ 106.947516, -6.092963 ], [ 106.947496, -6.092923 ], [ 106.947461, -6.092897 ], [ 106.947430, -6.092890 ], [ 106.947375, -6.092892 ], [ 106.947323, -6.092899 ], [ 106.947270, -6.092906 ], [ 106.947204, -6.092899 ], [ 106.947173, -6.092885 ], [ 106.947147, -6.092852 ], [ 106.947125, -6.092787 ], [ 106.947125, -6.092740 ], [ 106.947106, -6.092614 ], [ 106.947094, -6.092576 ], [ 106.947092, -6.092514 ], [ 106.947116, -6.092461 ], [ 106.947154, -6.092423 ], [ 106.947201, -6.092383 ], [ 106.947225, -6.092347 ], [ 106.947266, -6.092297 ], [ 106.947297, -6.092276 ], [ 106.947342, -6.092261 ], [ 106.947397, -6.092257 ], [ 106.947461, -6.092257 ], [ 106.947525, -6.092247 ], [ 106.947573, -6.092228 ], [ 106.947601, -6.092181 ], [ 106.947601, -6.092114 ], [ 106.947604, -6.092069 ], [ 106.947585, -6.092016 ], [ 106.947549, -6.091981 ], [ 106.947492, -6.091943 ], [ 106.947442, -6.091902 ], [ 106.947416, -6.091871 ], [ 106.947401, -6.091814 ], [ 106.947399, -6.091759 ], [ 106.947425, -6.091688 ], [ 106.947427, -6.091645 ], [ 106.947430, -6.091590 ], [ 106.947442, -6.091548 ], [ 106.947463, -6.091502 ], [ 106.947504, -6.091469 ], [ 106.947554, -6.091448 ], [ 106.947606, -6.091426 ], [ 106.947658, -6.091403 ], [ 106.947692, -6.091372 ], [ 106.947723, -6.091336 ], [ 106.947749, -6.091300 ], [ 106.947770, -6.091245 ], [ 106.947801, -6.091215 ], [ 106.947811, -6.091176 ], [ 106.947820, -6.091122 ], [ 106.947827, -6.091060 ], [ 106.947832, -6.091019 ], [ 106.947849, -6.090924 ], [ 106.947834, -6.090820 ], [ 106.947825, -6.090762 ], [ 106.947820, -6.090708 ], [ 106.947811, -6.090648 ], [ 106.947799, -6.090605 ], [ 106.947796, -6.090565 ], [ 106.947813, -6.090522 ], [ 106.947834, -6.090494 ], [ 106.947863, -6.090477 ], [ 106.947896, -6.090472 ], [ 106.947941, -6.090472 ], [ 106.947979, -6.090472 ], [ 106.948015, -6.090486 ], [ 106.948051, -6.090515 ], [ 106.948060, -6.090551 ], [ 106.948082, -6.090608 ], [ 106.948089, -6.090660 ], [ 106.948098, -6.090739 ], [ 106.948110, -6.090870 ], [ 106.948120, -6.091084 ], [ 106.948137, -6.091107 ], [ 106.948182, -6.091531 ], [ 106.948213, -6.092035 ], [ 106.948267, -6.092692 ] ] ] } }
,
{ "type": "Feature", "properties": { "Fungsi": "Belum Terdefinisi" }, "geometry": { "type": "Polygon", "coordinates": [ [ [ 106.729815, -6.089448 ], [ 106.729865, -6.089520 ], [ 106.729815, -6.089474 ], [ 106.729568, -6.089254 ], [ 106.729431, -6.089102 ], [ 106.729790, -6.089422 ], [ 106.729815, -6.089448 ] ] ] } }
,
{ "type": "Feature", "properties": { "Fungsi": "Belum Terdefinisi" }, "geometry": { "type": "Polygon", "coordinates": [ [ [ 106.728798, -6.088367 ], [ 106.728814, -6.088463 ], [ 106.728812, -6.088454 ], [ 106.728798, -6.088366 ], [ 106.728797, -6.088363 ], [ 106.728797, -6.088363 ], [ 106.728798, -6.088367 ] ] ] } }
,
{ "type": "Feature", "properties": { "Fungsi": "Belum Terdefinisi" }, "geometry": { "type": "Polygon", "coordinates": [ [ [ 106.728714, -6.087500 ], [ 106.728713, -6.087515 ], [ 106.728712, -6.087495 ], [ 106.728714, -6.087500 ] ] ] } }
,
{ "type": "Feature", "properties": { "Fungsi": "Belum Terdefinisi" }, "geometry": { "type": "Polygon", "coordinates": [ [ [ 106.740635, -6.087363 ], [ 106.740418, -6.087648 ], [ 106.740335, -6.087605 ], [ 106.740568, -6.087298 ], [ 106.740591, -6.087304 ], [ 106.740624, -6.087344 ], [ 106.740635, -6.087363 ] ] ] } }
,
{ "type": "Feature", "properties": { "Fungsi": "Belum Terdefinisi" }, "geometry": { "type": "Polygon", "coordinates": [ [ [ 106.744050, -6.085357 ], [ 106.743549, -6.085682 ], [ 106.743872, -6.085436 ], [ 106.744262, -6.085136 ], [ 106.744050, -6.085357 ] ] ] } }
,
{ "type": "Feature", "properties": { "Fungsi": "Belum Terdefinisi" }, "geometry": { "type": "Polygon", "coordinates": [ [ [ 106.744860, -6.084589 ], [ 106.744663, -6.084761 ], [ 106.745120, -6.084300 ], [ 106.744860, -6.084589 ] ] ] } }
,
{ "type": "Feature", "properties": { "Fungsi": "Belum Terdefinisi" }, "geometry": { "type": "Polygon", "coordinates": [ [ [ 106.749449, -6.078623 ], [ 106.749436, -6.078636 ], [ 106.749436, -6.078635 ], [ 106.749621, -6.078321 ], [ 106.749840, -6.077850 ], [ 106.750051, -6.077404 ], [ 106.750029, -6.077459 ], [ 106.749885, -6.077920 ], [ 106.749847, -6.077992 ], [ 106.749775, -6.078127 ], [ 106.749774, -6.078131 ], [ 106.749773, -6.078135 ], [ 106.749703, -6.078254 ], [ 106.749577, -6.078468 ], [ 106.749570, -6.078477 ], [ 106.749564, -6.078486 ], [ 106.749556, -6.078501 ], [ 106.749554, -6.078506 ], [ 106.749553, -6.078512 ], [ 106.749542, -6.078523 ], [ 106.749536, -6.078529 ], [ 106.749532, -6.078536 ], [ 106.749528, -6.078544 ], [ 106.749516, -6.078557 ], [ 106.749503, -6.078575 ], [ 106.749496, -6.078579 ], [ 106.749488, -6.078584 ], [ 106.749472, -6.078596 ], [ 106.749468, -6.078603 ], [ 106.749464, -6.078611 ], [ 106.749449, -6.078623 ] ] ] } }
,
{ "type": "Feature", "properties": { "Fungsi": "Belum Terdefinisi" }, "geometry": { "type": "Polygon", "coordinates": [ [ [ 106.780467, -6.088980 ], [ 106.780658, -6.089039 ], [ 106.780873, -6.089014 ], [ 106.781029, -6.089038 ], [ 106.781327, -6.088989 ], [ 106.781387, -6.088953 ], [ 106.781590, -6.088952 ], [ 106.781757, -6.088927 ], [ 106.781949, -6.088927 ], [ 106.782200, -6.089010 ], [ 106.782391, -6.089021 ], [ 106.782451, -6.089057 ], [ 106.782607, -6.089128 ], [ 106.782763, -6.089307 ], [ 106.782822, -6.089343 ], [ 106.782859, -6.089426 ], [ 106.782919, -6.089510 ], [ 106.783015, -6.089629 ], [ 106.783099, -6.089724 ], [ 106.783111, -6.089856 ], [ 106.783123, -6.089976 ], [ 106.783172, -6.090191 ], [ 106.783112, -6.090335 ], [ 106.783054, -6.090610 ], [ 106.783078, -6.090813 ], [ 106.783019, -6.091041 ], [ 106.782960, -6.091172 ], [ 106.782888, -6.091196 ], [ 106.782733, -6.091101 ], [ 106.782708, -6.090958 ], [ 106.782697, -6.091054 ], [ 106.782691, -6.091057 ], [ 106.782518, -6.091186 ], [ 106.782435, -6.091377 ], [ 106.782340, -6.091593 ], [ 106.782400, -6.091760 ], [ 106.782365, -6.092048 ], [ 106.782258, -6.092239 ], [ 106.782271, -6.092407 ], [ 106.782271, -6.092574 ], [ 106.782260, -6.092694 ], [ 106.782261, -6.092921 ], [ 106.782333, -6.093064 ], [ 106.782262, -6.093208 ], [ 106.782178, -6.093352 ], [ 106.782227, -6.093615 ], [ 106.782247, -6.093693 ], [ 106.782255, -6.093727 ], [ 106.782275, -6.093806 ], [ 106.782324, -6.093974 ], [ 106.782265, -6.094153 ], [ 106.782182, -6.094309 ], [ 106.782110, -6.094501 ], [ 106.782051, -6.094716 ], [ 106.781992, -6.094920 ], [ 106.782005, -6.095075 ], [ 106.782005, -6.095254 ], [ 106.781994, -6.095542 ], [ 106.781947, -6.095805 ], [ 106.781948, -6.095960 ], [ 106.781877, -6.096164 ], [ 106.781818, -6.096391 ], [ 106.781723, -6.096523 ], [ 106.781723, -6.096739 ], [ 106.781652, -6.096930 ], [ 106.781569, -6.097050 ], [ 106.781563, -6.097032 ], [ 106.781341, -6.096812 ], [ 106.781269, -6.096728 ], [ 106.781138, -6.096609 ], [ 106.781042, -6.096490 ], [ 106.780981, -6.096239 ], [ 106.780921, -6.096071 ], [ 106.780812, -6.095821 ], [ 106.780931, -6.095533 ], [ 106.781002, -6.095318 ], [ 106.781097, -6.095162 ], [ 106.781072, -6.094935 ], [ 106.780964, -6.094803 ], [ 106.780904, -6.094756 ], [ 106.780773, -6.094660 ], [ 106.780665, -6.094613 ], [ 106.780581, -6.094565 ], [ 106.780509, -6.094554 ], [ 106.780414, -6.094686 ], [ 106.780355, -6.094722 ], [ 106.780247, -6.094734 ], [ 106.780163, -6.094758 ], [ 106.780116, -6.094830 ], [ 106.780068, -6.094926 ], [ 106.779997, -6.095010 ], [ 106.779937, -6.095022 ], [ 106.779878, -6.095094 ], [ 106.779794, -6.095142 ], [ 106.779639, -6.095095 ], [ 106.779423, -6.095048 ], [ 106.779323, -6.093589 ], [ 106.779359, -6.093481 ], [ 106.779466, -6.093385 ], [ 106.779525, -6.093229 ], [ 106.779477, -6.093050 ], [ 106.779417, -6.092930 ], [ 106.779344, -6.092799 ], [ 106.779344, -6.092680 ], [ 106.779296, -6.092548 ], [ 106.779277, -6.092475 ], [ 106.779259, -6.092405 ], [ 106.779188, -6.092345 ], [ 106.779116, -6.092309 ], [ 106.779163, -6.092202 ], [ 106.779187, -6.092058 ], [ 106.779294, -6.091890 ], [ 106.779353, -6.091770 ], [ 106.779352, -6.091639 ], [ 106.779340, -6.091519 ], [ 106.779328, -6.091376 ], [ 106.779351, -6.091220 ], [ 106.779303, -6.091149 ], [ 106.779231, -6.090969 ], [ 106.779147, -6.090970 ], [ 106.778992, -6.091030 ], [ 106.778873, -6.091042 ], [ 106.778813, -6.091019 ], [ 106.778717, -6.090947 ], [ 106.778669, -6.090840 ], [ 106.778668, -6.090684 ], [ 106.778668, -6.090517 ], [ 106.778715, -6.090457 ], [ 106.778775, -6.090325 ], [ 106.778906, -6.090193 ], [ 106.779001, -6.090097 ], [ 106.779132, -6.090001 ], [ 106.779251, -6.089905 ], [ 106.779382, -6.089821 ], [ 106.779490, -6.089772 ], [ 106.779609, -6.089676 ], [ 106.779740, -6.089652 ], [ 106.779848, -6.089604 ], [ 106.779847, -6.089472 ], [ 106.779847, -6.089317 ], [ 106.779846, -6.089197 ], [ 106.780001, -6.089101 ], [ 106.780061, -6.088981 ], [ 106.780180, -6.088897 ], [ 106.780288, -6.088956 ], [ 106.780467, -6.088980 ] ] ] } }
,
{ "type": "Feature", "properties": { "Fungsi": "CA" }, "geometry": { "type": "Polygon", "coordinates": [ [ [ 106.631177, -5.942365 ], [ 106.631720, -5.942415 ], [ 106.632176, -5.942415 ], [ 106.632405, -5.942457 ], [ 106.632491, -5.942488 ], [ 106.632598, -5.942526 ], [ 106.632726, -5.942572 ], [ 106.633290, -5.942850 ], [ 106.633609, -5.943011 ], [ 106.633675, -5.943065 ], [ 106.633775, -5.943307 ], [ 106.633761, -5.943393 ], [ 106.633647, -5.943600 ], [ 106.633590, -5.943821 ], [ 106.633500, -5.944115 ], [ 106.633490, -5.944149 ], [ 106.633212, -5.944706 ], [ 106.633101, -5.944932 ], [ 106.632991, -5.945157 ], [ 106.632878, -5.945263 ], [ 106.632840, -5.945326 ], [ 106.632725, -5.945433 ], [ 106.632648, -5.945506 ], [ 106.632445, -5.945623 ], [ 106.632426, -5.945634 ], [ 106.632220, -5.945644 ], [ 106.632130, -5.945601 ], [ 106.631800, -5.945443 ], [ 106.631334, -5.945213 ], [ 106.630913, -5.945113 ], [ 106.629940, -5.944857 ], [ 106.629464, -5.944656 ], [ 106.628993, -5.944449 ], [ 106.628771, -5.944342 ], [ 106.628695, -5.944284 ], [ 106.628514, -5.944149 ], [ 106.628388, -5.944041 ], [ 106.628222, -5.943899 ], [ 106.628088, -5.943804 ], [ 106.627954, -5.943708 ], [ 106.627885, -5.943564 ], [ 106.627885, -5.943562 ], [ 106.627885, -5.943558 ], [ 106.627898, -5.943404 ], [ 106.627908, -5.943285 ], [ 106.627947, -5.943094 ], [ 106.628535, -5.942772 ], [ 106.629893, -5.942445 ], [ 106.630126, -5.942411 ], [ 106.630528, -5.942393 ], [ 106.630566, -5.942386 ], [ 106.631177, -5.942365 ] ] ] } }
,
{ "type": "Feature", "properties": { "Fungsi": "HL" }, "geometry": { "type": "Polygon", "coordinates": [ [ [ 106.767439, -6.108904 ], [ 106.767596, -6.109156 ], [ 106.767604, -6.109168 ], [ 106.767889, -6.109333 ], [ 106.768097, -6.109547 ], [ 106.767868, -6.109983 ], [ 106.767416, -6.110845 ], [ 106.767073, -6.110927 ], [ 106.766489, -6.110697 ], [ 106.766662, -6.109535 ], [ 106.766717, -6.109163 ], [ 106.766679, -6.109156 ], [ 106.766464, -6.109113 ], [ 106.766225, -6.109066 ], [ 106.766041, -6.109029 ], [ 106.765930, -6.109007 ], [ 106.765872, -6.109011 ], [ 106.765782, -6.109016 ], [ 106.765398, -6.109039 ], [ 106.764539, -6.107313 ], [ 106.764487, -6.107206 ], [ 106.764857, -6.107069 ], [ 106.765830, -6.106706 ], [ 106.766293, -6.106610 ], [ 106.767451, -6.106369 ], [ 106.767379, -6.106563 ], [ 106.767300, -6.107029 ], [ 106.767239, -6.107253 ], [ 106.767227, -6.107314 ], [ 106.767107, -6.107937 ], [ 106.767056, -6.108145 ], [ 106.767055, -6.108304 ], [ 106.767081, -6.108457 ], [ 106.767102, -6.108573 ], [ 106.767172, -6.108721 ], [ 106.767439, -6.108904 ] ] ] } }
,
{ "type": "Feature", "properties": { "Fungsi": "HL" }, "geometry": { "type": "Polygon", "coordinates": [ [ [ 106.759368, -6.104086 ], [ 106.759367, -6.104086 ], [ 106.759361, -6.104081 ], [ 106.759368, -6.104086 ] ] ] } }
,
{ "type": "Feature", "properties": { "Fungsi": "HL" }, "geometry": { "type": "Polygon", "coordinates": [ [ [ 106.759368, -6.104086 ], [ 106.759372, -6.104088 ], [ 106.759398, -6.104102 ], [ 106.759432, -6.104112 ], [ 106.759467, -6.104123 ], [ 106.759498, -6.104127 ], [ 106.759528, -6.104132 ], [ 106.759567, -6.104132 ], [ 106.759577, -6.104130 ], [ 106.759595, -6.104125 ], [ 106.759635, -6.104125 ], [ 106.759687, -6.104126 ], [ 106.759740, -6.104120 ], [ 106.759787, -6.104116 ], [ 106.759843, -6.104099 ], [ 106.759943, -6.104074 ], [ 106.759955, -6.104077 ], [ 106.759967, -6.104081 ], [ 106.760010, -6.104095 ], [ 106.760049, -6.104110 ], [ 106.760066, -6.104110 ], [ 106.760128, -6.104112 ], [ 106.760094, -6.104109 ], [ 106.760066, -6.104110 ], [ 106.760094, -6.104107 ], [ 106.760227, -6.103988 ], [ 106.760267, -6.103841 ], [ 106.760276, -6.103810 ], [ 106.760425, -6.103839 ], [ 106.760716, -6.103897 ], [ 106.760903, -6.104002 ], [ 106.760904, -6.104002 ], [ 106.760905, -6.104003 ], [ 106.760933, -6.104007 ], [ 106.761252, -6.103996 ], [ 106.761589, -6.103855 ], [ 106.761671, -6.103821 ], [ 106.761922, -6.103763 ], [ 106.762509, -6.103647 ], [ 106.764687, -6.103861 ], [ 106.766567, -6.103885 ], [ 106.767253, -6.104329 ], [ 106.767270, -6.104390 ], [ 106.767374, -6.105111 ], [ 106.767391, -6.105226 ], [ 106.767406, -6.105308 ], [ 106.767423, -6.105426 ], [ 106.767422, -6.105515 ], [ 106.767420, -6.105721 ], [ 106.765619, -6.106048 ], [ 106.764760, -6.106447 ], [ 106.764598, -6.106503 ], [ 106.764198, -6.106641 ], [ 106.763143, -6.104731 ], [ 106.763056, -6.104723 ], [ 106.761869, -6.104665 ], [ 106.761846, -6.104663 ], [ 106.760460, -6.104676 ], [ 106.759187, -6.104624 ], [ 106.759082, -6.104630 ], [ 106.759089, -6.104410 ], [ 106.759099, -6.104067 ], [ 106.759101, -6.104065 ], [ 106.759101, -6.104060 ], [ 106.759107, -6.104055 ], [ 106.759112, -6.104052 ], [ 106.759114, -6.104050 ], [ 106.759128, -6.104039 ], [ 106.759159, -6.104024 ], [ 106.759124, -6.104036 ], [ 106.759119, -6.104043 ], [ 106.759178, -6.103956 ], [ 106.759226, -6.103873 ], [ 106.759333, -6.103922 ], [ 106.759355, -6.104077 ], [ 106.759352, -6.104074 ], [ 106.759321, -6.104058 ], [ 106.759342, -6.104072 ], [ 106.759367, -6.104086 ], [ 106.759368, -6.104086 ] ], [ [ 106.759221, -6.104049 ], [ 106.759257, -6.104029 ], [ 106.759212, -6.104042 ], [ 106.759221, -6.104049 ] ], [ [ 106.760216, -6.104098 ], [ 106.760226, -6.104092 ], [ 106.760249, -6.104073 ], [ 106.760249, -6.104073 ], [ 106.760256, -6.104066 ], [ 106.760263, -6.104060 ], [ 106.760287, -6.104037 ], [ 106.760256, -6.104066 ], [ 106.760216, -6.104098 ], [ 106.760174, -6.104107 ], [ 106.760190, -6.104105 ], [ 106.760205, -6.104104 ], [ 106.760216, -6.104098 ] ] ] } }
,
{ "type": "Feature", "properties": { "Fungsi": "HL" }, "geometry": { "type": "Polygon", "coordinates": [ [ [ 106.752444, -6.103758 ], [ 106.752578, -6.103815 ], [ 106.752777, -6.103749 ], [ 106.752806, -6.103739 ], [ 106.752920, -6.103644 ], [ 106.753149, -6.103663 ], [ 106.753339, -6.103663 ], [ 106.753682, -6.103758 ], [ 106.753872, -6.103853 ], [ 106.753984, -6.103906 ], [ 106.754196, -6.104005 ], [ 106.754367, -6.104005 ], [ 106.754729, -6.104158 ], [ 106.754976, -6.104196 ], [ 106.755262, -6.104063 ], [ 106.755319, -6.104005 ], [ 106.755509, -6.103853 ], [ 106.755633, -6.103750 ], [ 106.755707, -6.103689 ], [ 106.755733, -6.103668 ], [ 106.755733, -6.103668 ], [ 106.755767, -6.103693 ], [ 106.755781, -6.103702 ], [ 106.755850, -6.103719 ], [ 106.755861, -6.103722 ], [ 106.755931, -6.103738 ], [ 106.755932, -6.103739 ], [ 106.755954, -6.103724 ], [ 106.755984, -6.103731 ], [ 106.755995, -6.103754 ], [ 106.756147, -6.103790 ], [ 106.756169, -6.103786 ], [ 106.756204, -6.103775 ], [ 106.756206, -6.103774 ], [ 106.756268, -6.103765 ], [ 106.756307, -6.103756 ], [ 106.756350, -6.103755 ], [ 106.756362, -6.103758 ], [ 106.756374, -6.103761 ], [ 106.756384, -6.103769 ], [ 106.756397, -6.103780 ], [ 106.756406, -6.103781 ], [ 106.756416, -6.103781 ], [ 106.756426, -6.103789 ], [ 106.756438, -6.103800 ], [ 106.756473, -6.103805 ], [ 106.756510, -6.103813 ], [ 106.756554, -6.103831 ], [ 106.756583, -6.103853 ], [ 106.756612, -6.103868 ], [ 106.756647, -6.103875 ], [ 106.756652, -6.103876 ], [ 106.756693, -6.103889 ], [ 106.756720, -6.103903 ], [ 106.756743, -6.103911 ], [ 106.756765, -6.103916 ], [ 106.756806, -6.103933 ], [ 106.756837, -6.103933 ], [ 106.756881, -6.103937 ], [ 106.756918, -6.103953 ], [ 106.756919, -6.103953 ], [ 106.757135, -6.103989 ], [ 106.757137, -6.103990 ], [ 106.757145, -6.103982 ], [ 106.757158, -6.103970 ], [ 106.757166, -6.103967 ], [ 106.757174, -6.103964 ], [ 106.757189, -6.103970 ], [ 106.757197, -6.103991 ], [ 106.757198, -6.103992 ], [ 106.757203, -6.103998 ], [ 106.757204, -6.103999 ], [ 106.757206, -6.104001 ], [ 106.757206, -6.104001 ], [ 106.757206, -6.104001 ], [ 106.757210, -6.104000 ], [ 106.757240, -6.103989 ], [ 106.757250, -6.103972 ], [ 106.757259, -6.103970 ], [ 106.757268, -6.103969 ], [ 106.757289, -6.103974 ], [ 106.757319, -6.103987 ], [ 106.757354, -6.104005 ], [ 106.757398, -6.104010 ], [ 106.757441, -6.104011 ], [ 106.757496, -6.104010 ], [ 106.757538, -6.104007 ], [ 106.757566, -6.104006 ], [ 106.757578, -6.104004 ], [ 106.757636, -6.103991 ], [ 106.757686, -6.103966 ], [ 106.757723, -6.103961 ], [ 106.757727, -6.103961 ], [ 106.757739, -6.103963 ], [ 106.757752, -6.103964 ], [ 106.757761, -6.103971 ], [ 106.757778, -6.103982 ], [ 106.757798, -6.104002 ], [ 106.757803, -6.104006 ], [ 106.757842, -6.104026 ], [ 106.757892, -6.104042 ], [ 106.757952, -6.104032 ], [ 106.757998, -6.104026 ], [ 106.758038, -6.104023 ], [ 106.758088, -6.104029 ], [ 106.758106, -6.104040 ], [ 106.758130, -6.104055 ], [ 106.758136, -6.104058 ], [ 106.758166, -6.104074 ], [ 106.758224, -6.104074 ], [ 106.758230, -6.104072 ], [ 106.758262, -6.104060 ], [ 106.758297, -6.104060 ], [ 106.758315, -6.104069 ], [ 106.758324, -6.104074 ], [ 106.758324, -6.104086 ], [ 106.758324, -6.104087 ], [ 106.758325, -6.104087 ], [ 106.758310, -6.104412 ], [ 106.758298, -6.104676 ], [ 106.758105, -6.104688 ], [ 106.757655, -6.104790 ], [ 106.757277, -6.104877 ], [ 106.756540, -6.104955 ], [ 106.756533, -6.104954 ], [ 106.756284, -6.104909 ], [ 106.755799, -6.104659 ], [ 106.755706, -6.104605 ], [ 106.755547, -6.104511 ], [ 106.755278, -6.104444 ], [ 106.754555, -6.104550 ], [ 106.753606, -6.104637 ], [ 106.752709, -6.104568 ], [ 106.752144, -6.104498 ], [ 106.751669, -6.104440 ], [ 106.751389, -6.104444 ], [ 106.751320, -6.104260 ], [ 106.751279, -6.104192 ], [ 106.751259, -6.103989 ], [ 106.751251, -6.103886 ], [ 106.751221, -6.103516 ], [ 106.751267, -6.103524 ], [ 106.751759, -6.103606 ], [ 106.751988, -6.103625 ], [ 106.752188, -6.103671 ], [ 106.752235, -6.103682 ], [ 106.752444, -6.103758 ] ] ] } }
,
{ "type": "Feature", "properties": { "Fungsi": "HL" }, "geometry": { "type": "Polygon", "coordinates": [ [ [ 106.746275, -6.102650 ], [ 106.746572, -6.102816 ], [ 106.746882, -6.102816 ], [ 106.747001, -6.102804 ], [ 106.747120, -6.102804 ], [ 106.747512, -6.102876 ], [ 106.747548, -6.102911 ], [ 106.747619, -6.102995 ], [ 106.747857, -6.103066 ], [ 106.748036, -6.103090 ], [ 106.748274, -6.103114 ], [ 106.748333, -6.103138 ], [ 106.748619, -6.103257 ], [ 106.749095, -6.103352 ], [ 106.749380, -6.103387 ], [ 106.749582, -6.103423 ], [ 106.749606, -6.103435 ], [ 106.750609, -6.103493 ], [ 106.750591, -6.103843 ], [ 106.750584, -6.103979 ], [ 106.750552, -6.104180 ], [ 106.750552, -6.104183 ], [ 106.749444, -6.104167 ], [ 106.748005, -6.104082 ], [ 106.747387, -6.103705 ], [ 106.746567, -6.103495 ], [ 106.745516, -6.103357 ], [ 106.745579, -6.102986 ], [ 106.745580, -6.102918 ], [ 106.745583, -6.102825 ], [ 106.745685, -6.102791 ], [ 106.745966, -6.102697 ], [ 106.746275, -6.102650 ] ] ] } }
,
{ "type": "Feature", "properties": { "Fungsi": "HL" }, "geometry": { "type": "Polygon", "coordinates": [ [ [ 106.735623, -6.097982 ], [ 106.735696, -6.098060 ], [ 106.735761, -6.098097 ], [ 106.735623, -6.097982 ], [ 106.735606, -6.097961 ], [ 106.735759, -6.098086 ], [ 106.736040, -6.098315 ], [ 106.736146, -6.098410 ], [ 106.736163, -6.098422 ], [ 106.736184, -6.098440 ], [ 106.736239, -6.098485 ], [ 106.736324, -6.098551 ], [ 106.736367, -6.098585 ], [ 106.736413, -6.098637 ], [ 106.736415, -6.098645 ], [ 106.736417, -6.098654 ], [ 106.736783, -6.098980 ], [ 106.737368, -6.099104 ], [ 106.738020, -6.099280 ], [ 106.738043, -6.099328 ], [ 106.738087, -6.099417 ], [ 106.738091, -6.099414 ], [ 106.738093, -6.099412 ], [ 106.738122, -6.099407 ], [ 106.738149, -6.099419 ], [ 106.738173, -6.099435 ], [ 106.738230, -6.099499 ], [ 106.738257, -6.099525 ], [ 106.738302, -6.099549 ], [ 106.738350, -6.099583 ], [ 106.738394, -6.099619 ], [ 106.738456, -6.099669 ], [ 106.738527, -6.099732 ], [ 106.738579, -6.099759 ], [ 106.738646, -6.099800 ], [ 106.738718, -6.099851 ], [ 106.738804, -6.099906 ], [ 106.738906, -6.099969 ], [ 106.738993, -6.100018 ], [ 106.739091, -6.100096 ], [ 106.739191, -6.100163 ], [ 106.739360, -6.100267 ], [ 106.739452, -6.100325 ], [ 106.739531, -6.100377 ], [ 106.739636, -6.100453 ], [ 106.739786, -6.100530 ], [ 106.739989, -6.100650 ], [ 106.740085, -6.100697 ], [ 106.740169, -6.100744 ], [ 106.740222, -6.100761 ], [ 106.740262, -6.100789 ], [ 106.740311, -6.100809 ], [ 106.740405, -6.100822 ], [ 106.740611, -6.100912 ], [ 106.740705, -6.101004 ], [ 106.740694, -6.101129 ], [ 106.740813, -6.101167 ], [ 106.741134, -6.101268 ], [ 106.741471, -6.101375 ], [ 106.741695, -6.101446 ], [ 106.741708, -6.101377 ], [ 106.741727, -6.101325 ], [ 106.741734, -6.101313 ], [ 106.741742, -6.101301 ], [ 106.741742, -6.101300 ], [ 106.741745, -6.101295 ], [ 106.741755, -6.101280 ], [ 106.741760, -6.101276 ], [ 106.741760, -6.101276 ], [ 106.741766, -6.101267 ], [ 106.741772, -6.101266 ], [ 106.741782, -6.101257 ], [ 106.741788, -6.101252 ], [ 106.741791, -6.101249 ], [ 106.741857, -6.101235 ], [ 106.742000, -6.101292 ], [ 106.742129, -6.101330 ], [ 106.742295, -6.101368 ], [ 106.742424, -6.101408 ], [ 106.742581, -6.101451 ], [ 106.742700, -6.101485 ], [ 106.742821, -6.101532 ], [ 106.742863, -6.101556 ], [ 106.742871, -6.101561 ], [ 106.742871, -6.101561 ], [ 106.742949, -6.101584 ], [ 106.742969, -6.101584 ], [ 106.742973, -6.101585 ], [ 106.743002, -6.101565 ], [ 106.743035, -6.101580 ], [ 106.743122, -6.101625 ], [ 106.743154, -6.101642 ], [ 106.743218, -6.101650 ], [ 106.743257, -6.101656 ], [ 106.743437, -6.101713 ], [ 106.743514, -6.101737 ], [ 106.743530, -6.101741 ], [ 106.743547, -6.101746 ], [ 106.743573, -6.101753 ], [ 106.743604, -6.101775 ], [ 106.743606, -6.101776 ], [ 106.743647, -6.101789 ], [ 106.743654, -6.101789 ], [ 106.743690, -6.101792 ], [ 106.743761, -6.101808 ], [ 106.743786, -6.101827 ], [ 106.743790, -6.101830 ], [ 106.743843, -6.101846 ], [ 106.743843, -6.101846 ], [ 106.743852, -6.101849 ], [ 106.743890, -6.101854 ], [ 106.743925, -6.101858 ], [ 106.743928, -6.101863 ], [ 106.743936, -6.101873 ], [ 106.743993, -6.101890 ], [ 106.744009, -6.101893 ], [ 106.744045, -6.101897 ], [ 106.744104, -6.101917 ], [ 106.744465, -6.102029 ], [ 106.744453, -6.102074 ], [ 106.744453, -6.102074 ], [ 106.744448, -6.102094 ], [ 106.744439, -6.102124 ], [ 106.744421, -6.102174 ], [ 106.744472, -6.102239 ], [ 106.744487, -6.102315 ], [ 106.744442, -6.102438 ], [ 106.744442, -6.102484 ], [ 106.744442, -6.102494 ], [ 106.744442, -6.102501 ], [ 106.744442, -6.102560 ], [ 106.744534, -6.102652 ], [ 106.744688, -6.102743 ], [ 106.744693, -6.102783 ], [ 106.744703, -6.102851 ], [ 106.744689, -6.103034 ], [ 106.744648, -6.103324 ], [ 106.743483, -6.102861 ], [ 106.743022, -6.102744 ], [ 106.742299, -6.102525 ], [ 106.741624, -6.102303 ], [ 106.741423, -6.102251 ], [ 106.740950, -6.102056 ], [ 106.740401, -6.102036 ], [ 106.739998, -6.101853 ], [ 106.739509, -6.101654 ], [ 106.738887, -6.101268 ], [ 106.738101, -6.100768 ], [ 106.737778, -6.100565 ], [ 106.737486, -6.100382 ], [ 106.737492, -6.100353 ], [ 106.737493, -6.100349 ], [ 106.737459, -6.100323 ], [ 106.737516, -6.100232 ], [ 106.737517, -6.100231 ], [ 106.737657, -6.100007 ], [ 106.737639, -6.099995 ], [ 106.737572, -6.099950 ], [ 106.737572, -6.099950 ], [ 106.737501, -6.099902 ], [ 106.737482, -6.099890 ], [ 106.737456, -6.099873 ], [ 106.737392, -6.099830 ], [ 106.737381, -6.099822 ], [ 106.737362, -6.099810 ], [ 106.737318, -6.099781 ], [ 106.737311, -6.099780 ], [ 106.737308, -6.099780 ], [ 106.736656, -6.099720 ], [ 106.736309, -6.099529 ], [ 106.736200, -6.099468 ], [ 106.736164, -6.099433 ], [ 106.736112, -6.099382 ], [ 106.736042, -6.099313 ], [ 106.736041, -6.099312 ], [ 106.735916, -6.099189 ], [ 106.735575, -6.098910 ], [ 106.735392, -6.098775 ], [ 106.735371, -6.098758 ], [ 106.735090, -6.098551 ], [ 106.734807, -6.098245 ], [ 106.734476, -6.097862 ], [ 106.734458, -6.097841 ], [ 106.734432, -6.097817 ], [ 106.733937, -6.097350 ], [ 106.733567, -6.097008 ], [ 106.733520, -6.096965 ], [ 106.733518, -6.096963 ], [ 106.733265, -6.096806 ], [ 106.733131, -6.096723 ], [ 106.732978, -6.096619 ], [ 106.732885, -6.096556 ], [ 106.732849, -6.096531 ], [ 106.732798, -6.096497 ], [ 106.732790, -6.096491 ], [ 106.732733, -6.096452 ], [ 106.732731, -6.096451 ], [ 106.732570, -6.096320 ], [ 106.732939, -6.095898 ], [ 106.733151, -6.095939 ], [ 106.733149, -6.095941 ], [ 106.733066, -6.096041 ], [ 106.733149, -6.095942 ], [ 106.733151, -6.095941 ], [ 106.733152, -6.095939 ], [ 106.733220, -6.095863 ], [ 106.733279, -6.095813 ], [ 106.733335, -6.095804 ], [ 106.733408, -6.095825 ], [ 106.733462, -6.095861 ], [ 106.733523, -6.095893 ], [ 106.733585, -6.095945 ], [ 106.733657, -6.096001 ], [ 106.733756, -6.096074 ], [ 106.733830, -6.096120 ], [ 106.733859, -6.096147 ], [ 106.733911, -6.096204 ], [ 106.733957, -6.096235 ], [ 106.734114, -6.096325 ], [ 106.734173, -6.096368 ], [ 106.734250, -6.096425 ], [ 106.734363, -6.096518 ], [ 106.734517, -6.096631 ], [ 106.734590, -6.096693 ], [ 106.734630, -6.096742 ], [ 106.734698, -6.096822 ], [ 106.734765, -6.096895 ], [ 106.734898, -6.097045 ], [ 106.734941, -6.097087 ], [ 106.734988, -6.097152 ], [ 106.735064, -6.097243 ], [ 106.735114, -6.097309 ], [ 106.735172, -6.097366 ], [ 106.735255, -6.097493 ], [ 106.735353, -6.097641 ], [ 106.735436, -6.097750 ], [ 106.735502, -6.097834 ], [ 106.735549, -6.097887 ], [ 106.735593, -6.097950 ], [ 106.735605, -6.097968 ], [ 106.735623, -6.097982 ] ], [ [ 106.736160, -6.099390 ], [ 106.736190, -6.099420 ], [ 106.736163, -6.099385 ], [ 106.736481, -6.099565 ], [ 106.736142, -6.099370 ], [ 106.736160, -6.099390 ] ], [ [ 106.737482, -6.099889 ], [ 106.737572, -6.099947 ], [ 106.737582, -6.099932 ], [ 106.737487, -6.099879 ], [ 106.737482, -6.099889 ] ] ] } }
,
{ "type": "Feature", "properties": { "Fungsi": "HP" }, "geometry": { "type": "Polygon", "coordinates": [ [ [ 106.723470, -6.101060 ], [ 106.723518, -6.101242 ], [ 106.723622, -6.101613 ], [ 106.722912, -6.101736 ], [ 106.722898, -6.101681 ], [ 106.722837, -6.101435 ], [ 106.722739, -6.101121 ], [ 106.722480, -6.101171 ], [ 106.722444, -6.101002 ], [ 106.722372, -6.100706 ], [ 106.722324, -6.100459 ], [ 106.722308, -6.100374 ], [ 106.722435, -6.100335 ], [ 106.722482, -6.100321 ], [ 106.722681, -6.100279 ], [ 106.722892, -6.100253 ], [ 106.722944, -6.100240 ], [ 106.723218, -6.100171 ], [ 106.723588, -6.100013 ], [ 106.723958, -6.099933 ], [ 106.724128, -6.100378 ], [ 106.724280, -6.100778 ], [ 106.724043, -6.100839 ], [ 106.723919, -6.100871 ], [ 106.723711, -6.100921 ], [ 106.723452, -6.100992 ], [ 106.723470, -6.101060 ] ] ] } }
,
{ "type": "Feature", "properties": { "Fungsi": "HP" }, "geometry": { "type": "Polygon", "coordinates": [ [ [ 106.752140, -6.113259 ], [ 106.752154, -6.113339 ], [ 106.752636, -6.113073 ], [ 106.757487, -6.110399 ], [ 106.759702, -6.109156 ], [ 106.763210, -6.107188 ], [ 106.764160, -6.106654 ], [ 106.764198, -6.106641 ], [ 106.764598, -6.106503 ], [ 106.764760, -6.106447 ], [ 106.765619, -6.106048 ], [ 106.767420, -6.105721 ], [ 106.767422, -6.105889 ], [ 106.767442, -6.106046 ], [ 106.767462, -6.106254 ], [ 106.767451, -6.106369 ], [ 106.766293, -6.106610 ], [ 106.765830, -6.106706 ], [ 106.764857, -6.107069 ], [ 106.764487, -6.107206 ], [ 106.764444, -6.107222 ], [ 106.763762, -6.107593 ], [ 106.763155, -6.107922 ], [ 106.760927, -6.109156 ], [ 106.758754, -6.110359 ], [ 106.755342, -6.112248 ], [ 106.752693, -6.113778 ], [ 106.752153, -6.114090 ], [ 106.752950, -6.121864 ], [ 106.753710, -6.121862 ], [ 106.756011, -6.121875 ], [ 106.758979, -6.121884 ], [ 106.762654, -6.121711 ], [ 106.772188, -6.120727 ], [ 106.772243, -6.121340 ], [ 106.772213, -6.121347 ], [ 106.771985, -6.121511 ], [ 106.771983, -6.121650 ], [ 106.771975, -6.122325 ], [ 106.772015, -6.122546 ], [ 106.771667, -6.122500 ], [ 106.770651, -6.122618 ], [ 106.763333, -6.123333 ], [ 106.760556, -6.123611 ], [ 106.753492, -6.123611 ], [ 106.753056, -6.123611 ], [ 106.753080, -6.123940 ], [ 106.753486, -6.129441 ], [ 106.753490, -6.129617 ], [ 106.752836, -6.129488 ], [ 106.752776, -6.129476 ], [ 106.752044, -6.129208 ], [ 106.751952, -6.128250 ], [ 106.751858, -6.127277 ], [ 106.751667, -6.123611 ], [ 106.746359, -6.123371 ], [ 106.746008, -6.123354 ], [ 106.745556, -6.123333 ], [ 106.744159, -6.123072 ], [ 106.743243, -6.122682 ], [ 106.738030, -6.120431 ], [ 106.737998, -6.120417 ], [ 106.737544, -6.120185 ], [ 106.736728, -6.119784 ], [ 106.735556, -6.119167 ], [ 106.735127, -6.118813 ], [ 106.734117, -6.118026 ], [ 106.733084, -6.116991 ], [ 106.731773, -6.115784 ], [ 106.731463, -6.115094 ], [ 106.731383, -6.114457 ], [ 106.729941, -6.112790 ], [ 106.730465, -6.112643 ], [ 106.730242, -6.112374 ], [ 106.729652, -6.111648 ], [ 106.730098, -6.111396 ], [ 106.730250, -6.111310 ], [ 106.730801, -6.111939 ], [ 106.730805, -6.111935 ], [ 106.730970, -6.111738 ], [ 106.730360, -6.110085 ], [ 106.730359, -6.110085 ], [ 106.730283, -6.110013 ], [ 106.730206, -6.109940 ], [ 106.730162, -6.109809 ], [ 106.729467, -6.109168 ], [ 106.729489, -6.109156 ], [ 106.730004, -6.108868 ], [ 106.730359, -6.108662 ], [ 106.730481, -6.108591 ], [ 106.730762, -6.108461 ], [ 106.730762, -6.108462 ], [ 106.730763, -6.108466 ], [ 106.730778, -6.108522 ], [ 106.730797, -6.108595 ], [ 106.730802, -6.108613 ], [ 106.730824, -6.108695 ], [ 106.730824, -6.108695 ], [ 106.730847, -6.108782 ], [ 106.730847, -6.108784 ], [ 106.730884, -6.108923 ], [ 106.730918, -6.109004 ], [ 106.730934, -6.109043 ], [ 106.730981, -6.109156 ], [ 106.730989, -6.109175 ], [ 106.731127, -6.109510 ], [ 106.731132, -6.109521 ], [ 106.731221, -6.109737 ], [ 106.731639, -6.109955 ], [ 106.731643, -6.109957 ], [ 106.732420, -6.110361 ], [ 106.733010, -6.111067 ], [ 106.733093, -6.110982 ], [ 106.733126, -6.110948 ], [ 106.733175, -6.110899 ], [ 106.733176, -6.110898 ], [ 106.733205, -6.110929 ], [ 106.733208, -6.110931 ], [ 106.733207, -6.110932 ], [ 106.733167, -6.110990 ], [ 106.732659, -6.111729 ], [ 106.733775, -6.112909 ], [ 106.733841, -6.112978 ], [ 106.734722, -6.113889 ], [ 106.734614, -6.113907 ], [ 106.733959, -6.114016 ], [ 106.733056, -6.114167 ], [ 106.732975, -6.114181 ], [ 106.732908, -6.114193 ], [ 106.734418, -6.115717 ], [ 106.735293, -6.116582 ], [ 106.736056, -6.117283 ], [ 106.736872, -6.117727 ], [ 106.737500, -6.118333 ], [ 106.742778, -6.120556 ], [ 106.744657, -6.121353 ], [ 106.744999, -6.121474 ], [ 106.746438, -6.121667 ], [ 106.746941, -6.121687 ], [ 106.751396, -6.121869 ], [ 106.751312, -6.120788 ], [ 106.750793, -6.114133 ], [ 106.751451, -6.113726 ], [ 106.751437, -6.113606 ], [ 106.751425, -6.113506 ], [ 106.751129, -6.110949 ], [ 106.750935, -6.109156 ], [ 106.750888, -6.108718 ], [ 106.750611, -6.106775 ], [ 106.750565, -6.106328 ], [ 106.750563, -6.106188 ], [ 106.750629, -6.104338 ], [ 106.750553, -6.104185 ], [ 106.750552, -6.104183 ], [ 106.750552, -6.104180 ], [ 106.750584, -6.103979 ], [ 106.750591, -6.103843 ], [ 106.750609, -6.103493 ], [ 106.750733, -6.103498 ], [ 106.751140, -6.103513 ], [ 106.751221, -6.103516 ], [ 106.751251, -6.103886 ], [ 106.751259, -6.103989 ], [ 106.751279, -6.104192 ], [ 106.751287, -6.104273 ], [ 106.751307, -6.104475 ], [ 106.751304, -6.104904 ], [ 106.751296, -6.106526 ], [ 106.751626, -6.109156 ], [ 106.752140, -6.113259 ] ] ] } }
,
{ "type": "Feature", "properties": { "Fungsi": "SM" }, "geometry": { "type": "Polygon", "coordinates": [ [ [ 106.766489, -6.110697 ], [ 106.767073, -6.110927 ], [ 106.767416, -6.110845 ], [ 106.767868, -6.109983 ], [ 106.768097, -6.109547 ], [ 106.768146, -6.109444 ], [ 106.768422, -6.109676 ], [ 106.768493, -6.109735 ], [ 106.768617, -6.110097 ], [ 106.768705, -6.110318 ], [ 106.768759, -6.110455 ], [ 106.768969, -6.110816 ], [ 106.769018, -6.110872 ], [ 106.769136, -6.111007 ], [ 106.769284, -6.111214 ], [ 106.769459, -6.111434 ], [ 106.769495, -6.111480 ], [ 106.769516, -6.111505 ], [ 106.769727, -6.111767 ], [ 106.769875, -6.111984 ], [ 106.769918, -6.112048 ], [ 106.770014, -6.112246 ], [ 106.770048, -6.112315 ], [ 106.770043, -6.112615 ], [ 106.769979, -6.112763 ], [ 106.769902, -6.112941 ], [ 106.769929, -6.112952 ], [ 106.769701, -6.113433 ], [ 106.769279, -6.114159 ], [ 106.769176, -6.114495 ], [ 106.769154, -6.114565 ], [ 106.769149, -6.114582 ], [ 106.769148, -6.114622 ], [ 106.769142, -6.114922 ], [ 106.769140, -6.114995 ], [ 106.769138, -6.115102 ], [ 106.769265, -6.115346 ], [ 106.769520, -6.115563 ], [ 106.769916, -6.115699 ], [ 106.769552, -6.116077 ], [ 106.769008, -6.115989 ], [ 106.768498, -6.115985 ], [ 106.768357, -6.115983 ], [ 106.768213, -6.115982 ], [ 106.767413, -6.115988 ], [ 106.766943, -6.116006 ], [ 106.766242, -6.116034 ], [ 106.765603, -6.116004 ], [ 106.765556, -6.115815 ], [ 106.765556, -6.115456 ], [ 106.765556, -6.114866 ], [ 106.765556, -6.114722 ], [ 106.765556, -6.114648 ], [ 106.765556, -6.114546 ], [ 106.765556, -6.114003 ], [ 106.765556, -6.113611 ], [ 106.765556, -6.113110 ], [ 106.765556, -6.112506 ], [ 106.765473, -6.112252 ], [ 106.765331, -6.111828 ], [ 106.765301, -6.111735 ], [ 106.765278, -6.111667 ], [ 106.765128, -6.111218 ], [ 106.765051, -6.110943 ], [ 106.765064, -6.110938 ], [ 106.765668, -6.110733 ], [ 106.765949, -6.110637 ], [ 106.766164, -6.110564 ], [ 106.765737, -6.109791 ], [ 106.765653, -6.109640 ], [ 106.765458, -6.109181 ], [ 106.765447, -6.109156 ], [ 106.765398, -6.109039 ], [ 106.765782, -6.109016 ], [ 106.765872, -6.109011 ], [ 106.765930, -6.109007 ], [ 106.766041, -6.109029 ], [ 106.766225, -6.109066 ], [ 106.766464, -6.109113 ], [ 106.766679, -6.109156 ], [ 106.766717, -6.109163 ], [ 106.766662, -6.109535 ], [ 106.766489, -6.110697 ] ] ] } }
,
{ "type": "Feature", "properties": { "Fungsi": "SM" }, "geometry": { "type": "Polygon", "coordinates": [ [ [ 106.691920, -5.970800 ], [ 106.692161, -5.970857 ], [ 106.692452, -5.970823 ], [ 106.692568, -5.970814 ], [ 106.692793, -5.970897 ], [ 106.692985, -5.971013 ], [ 106.693387, -5.971280 ], [ 106.693553, -5.971280 ], [ 106.693802, -5.971171 ], [ 106.694018, -5.971104 ], [ 106.694226, -5.971186 ], [ 106.694434, -5.971285 ], [ 106.694784, -5.971567 ], [ 106.694943, -5.971708 ], [ 106.695093, -5.971858 ], [ 106.695202, -5.972015 ], [ 106.695227, -5.972257 ], [ 106.695270, -5.972623 ], [ 106.695264, -5.972657 ], [ 106.695434, -5.972839 ], [ 106.695430, -5.972907 ], [ 106.695402, -5.972968 ], [ 106.695402, -5.973053 ], [ 106.695469, -5.973157 ], [ 106.695516, -5.973232 ], [ 106.695498, -5.973325 ], [ 106.695437, -5.973367 ], [ 106.695287, -5.973421 ], [ 106.695123, -5.973510 ], [ 106.695037, -5.973617 ], [ 106.694995, -5.973771 ], [ 106.694984, -5.973802 ], [ 106.694935, -5.974224 ], [ 106.694977, -5.974482 ], [ 106.695036, -5.974764 ], [ 106.695070, -5.974997 ], [ 106.695104, -5.975164 ], [ 106.695163, -5.975288 ], [ 106.695180, -5.975463 ], [ 106.695197, -5.975579 ], [ 106.695197, -5.975713 ], [ 106.695204, -5.975871 ], [ 106.695204, -5.975891 ], [ 106.695206, -5.975898 ], [ 106.695247, -5.976050 ], [ 106.695248, -5.976112 ], [ 106.695248, -5.976112 ], [ 106.695248, -5.976112 ], [ 106.695332, -5.976353 ], [ 106.695391, -5.976461 ], [ 106.695399, -5.976569 ], [ 106.695383, -5.976770 ], [ 106.695368, -5.977120 ], [ 106.695298, -5.977389 ], [ 106.695249, -5.977510 ], [ 106.695236, -5.977542 ], [ 106.695162, -5.977728 ], [ 106.695054, -5.977936 ], [ 106.695001, -5.977979 ], [ 106.694996, -5.977983 ], [ 106.694995, -5.977987 ], [ 106.694973, -5.978068 ], [ 106.694927, -5.978147 ], [ 106.694940, -5.978225 ], [ 106.694977, -5.978300 ], [ 106.694969, -5.978337 ], [ 106.694963, -5.978371 ], [ 106.694916, -5.978421 ], [ 106.694852, -5.978429 ], [ 106.694805, -5.978418 ], [ 106.694770, -5.978396 ], [ 106.694745, -5.978349 ], [ 106.694720, -5.978337 ], [ 106.694663, -5.978311 ], [ 106.694491, -5.978257 ], [ 106.694331, -5.978179 ], [ 106.694174, -5.978111 ], [ 106.693984, -5.977948 ], [ 106.693878, -5.977829 ], [ 106.693717, -5.977736 ], [ 106.693535, -5.977693 ], [ 106.693324, -5.977696 ], [ 106.692625, -5.977665 ], [ 106.692279, -5.977650 ], [ 106.692239, -5.977622 ], [ 106.692211, -5.977604 ], [ 106.692168, -5.977611 ], [ 106.692111, -5.977690 ], [ 106.691947, -5.977665 ], [ 106.691843, -5.977625 ], [ 106.691686, -5.977553 ], [ 106.691606, -5.977502 ], [ 106.691211, -5.977180 ], [ 106.691218, -5.977171 ], [ 106.691224, -5.977162 ], [ 106.691323, -5.977241 ], [ 106.691327, -5.977208 ], [ 106.691343, -5.977119 ], [ 106.691318, -5.977012 ], [ 106.691240, -5.976883 ], [ 106.691101, -5.976683 ], [ 106.690954, -5.976515 ], [ 106.690754, -5.976344 ], [ 106.690519, -5.976191 ], [ 106.690308, -5.976041 ], [ 106.690254, -5.975951 ], [ 106.690140, -5.975877 ], [ 106.690037, -5.975502 ], [ 106.690005, -5.975448 ], [ 106.689873, -5.975309 ], [ 106.689712, -5.975184 ], [ 106.689605, -5.975177 ], [ 106.689545, -5.975177 ], [ 106.689450, -5.975210 ], [ 106.689348, -5.975193 ], [ 106.689303, -5.975173 ], [ 106.689245, -5.975059 ], [ 106.689227, -5.974899 ], [ 106.689209, -5.974545 ], [ 106.689216, -5.974410 ], [ 106.689248, -5.974363 ], [ 106.689273, -5.974310 ], [ 106.689263, -5.974249 ], [ 106.689241, -5.974178 ], [ 106.689234, -5.974078 ], [ 106.689262, -5.973702 ], [ 106.689201, -5.973383 ], [ 106.689092, -5.973159 ], [ 106.689058, -5.972893 ], [ 106.688906, -5.972166 ], [ 106.688988, -5.971699 ], [ 106.689137, -5.971349 ], [ 106.689244, -5.971083 ], [ 106.689326, -5.970858 ], [ 106.689400, -5.970641 ], [ 106.689516, -5.970458 ], [ 106.689757, -5.970274 ], [ 106.690696, -5.970304 ], [ 106.691062, -5.970420 ], [ 106.691445, -5.970543 ], [ 106.691920, -5.970800 ] ] ] } }
,
{ "type": "Feature", "properties": { "Fungsi": "SML" }, "geometry": { "type": "Polygon", "coordinates": [ [ [ 106.696679, -5.970259 ], [ 106.696680, -5.978336 ], [ 106.696680, -5.978515 ], [ 106.687761, -5.978533 ], [ 106.687761, -5.974370 ], [ 106.687762, -5.973328 ], [ 106.687762, -5.972934 ], [ 106.687762, -5.971886 ], [ 106.687762, -5.971571 ], [ 106.687762, -5.971225 ], [ 106.687762, -5.970260 ], [ 106.687786, -5.970260 ], [ 106.688239, -5.970260 ], [ 106.688991, -5.970260 ], [ 106.689018, -5.970260 ], [ 106.689536, -5.970260 ], [ 106.690347, -5.970259 ], [ 106.690440, -5.970259 ], [ 106.690886, -5.970259 ], [ 106.691618, -5.970259 ], [ 106.691731, -5.970259 ], [ 106.691749, -5.970259 ], [ 106.692230, -5.970259 ], [ 106.693557, -5.970259 ], [ 106.694568, -5.970259 ], [ 106.695087, -5.970259 ], [ 106.695815, -5.970259 ], [ 106.696679, -5.970259 ] ], [ [ 106.689348, -5.975193 ], [ 106.689450, -5.975210 ], [ 106.689545, -5.975177 ], [ 106.689605, -5.975177 ], [ 106.689712, -5.975184 ], [ 106.689873, -5.975309 ], [ 106.690005, -5.975448 ], [ 106.690037, -5.975502 ], [ 106.690140, -5.975877 ], [ 106.690254, -5.975951 ], [ 106.690308, -5.976041 ], [ 106.690519, -5.976191 ], [ 106.690754, -5.976344 ], [ 106.690954, -5.976515 ], [ 106.691101, -5.976683 ], [ 106.691240, -5.976883 ], [ 106.691318, -5.977012 ], [ 106.691343, -5.977119 ], [ 106.691327, -5.977208 ], [ 106.691323, -5.977241 ], [ 106.691224, -5.977162 ], [ 106.691218, -5.977171 ], [ 106.691211, -5.977180 ], [ 106.691606, -5.977502 ], [ 106.691686, -5.977553 ], [ 106.691843, -5.977625 ], [ 106.691947, -5.977665 ], [ 106.692111, -5.977690 ], [ 106.692168, -5.977611 ], [ 106.692211, -5.977604 ], [ 106.692239, -5.977622 ], [ 106.692279, -5.977650 ], [ 106.692625, -5.977665 ], [ 106.693324, -5.977696 ], [ 106.693535, -5.977693 ], [ 106.693717, -5.977736 ], [ 106.693878, -5.977829 ], [ 106.693984, -5.977948 ], [ 106.694174, -5.978111 ], [ 106.694331, -5.978179 ], [ 106.694491, -5.978257 ], [ 106.694663, -5.978311 ], [ 106.694720, -5.978337 ], [ 106.694745, -5.978349 ], [ 106.694770, -5.978396 ], [ 106.694805, -5.978418 ], [ 106.694852, -5.978429 ], [ 106.694916, -5.978421 ], [ 106.694963, -5.978371 ], [ 106.694969, -5.978337 ], [ 106.694977, -5.978300 ], [ 106.694940, -5.978225 ], [ 106.694927, -5.978147 ], [ 106.694973, -5.978068 ], [ 106.695001, -5.977979 ], [ 106.695054, -5.977936 ], [ 106.695162, -5.977728 ], [ 106.695236, -5.977542 ], [ 106.695249, -5.977510 ], [ 106.695298, -5.977389 ], [ 106.695368, -5.977120 ], [ 106.695383, -5.976770 ], [ 106.695399, -5.976569 ], [ 106.695391, -5.976461 ], [ 106.695332, -5.976353 ], [ 106.695248, -5.976112 ], [ 106.695247, -5.976050 ], [ 106.695204, -5.975871 ], [ 106.695197, -5.975713 ], [ 106.695197, -5.975579 ], [ 106.695180, -5.975463 ], [ 106.695163, -5.975288 ], [ 106.695104, -5.975164 ], [ 106.695070, -5.974997 ], [ 106.695036, -5.974764 ], [ 106.694977, -5.974482 ], [ 106.694935, -5.974224 ], [ 106.694984, -5.973802 ], [ 106.694995, -5.973771 ], [ 106.695037, -5.973617 ], [ 106.695123, -5.973510 ], [ 106.695287, -5.973421 ], [ 106.695437, -5.973367 ], [ 106.695498, -5.973325 ], [ 106.695516, -5.973232 ], [ 106.695469, -5.973157 ], [ 106.695402, -5.973053 ], [ 106.695402, -5.972968 ], [ 106.695430, -5.972907 ], [ 106.695434, -5.972839 ], [ 106.695264, -5.972657 ], [ 106.695270, -5.972623 ], [ 106.695227, -5.972257 ], [ 106.695202, -5.972015 ], [ 106.695093, -5.971858 ], [ 106.694943, -5.971708 ], [ 106.694784, -5.971567 ], [ 106.694434, -5.971285 ], [ 106.694226, -5.971186 ], [ 106.694018, -5.971104 ], [ 106.693802, -5.971171 ], [ 106.693553, -5.971280 ], [ 106.693387, -5.971280 ], [ 106.692985, -5.971013 ], [ 106.692793, -5.970897 ], [ 106.692568, -5.970814 ], [ 106.692452, -5.970823 ], [ 106.692161, -5.970857 ], [ 106.691920, -5.970800 ], [ 106.691445, -5.970543 ], [ 106.691062, -5.970420 ], [ 106.690696, -5.970304 ], [ 106.689757, -5.970274 ], [ 106.689516, -5.970458 ], [ 106.689400, -5.970641 ], [ 106.689326, -5.970858 ], [ 106.689244, -5.971083 ], [ 106.689137, -5.971349 ], [ 106.688988, -5.971699 ], [ 106.688906, -5.972166 ], [ 106.689058, -5.972893 ], [ 106.689092, -5.973159 ], [ 106.689201, -5.973383 ], [ 106.689262, -5.973702 ], [ 106.689234, -5.974078 ], [ 106.689241, -5.974178 ], [ 106.689263, -5.974249 ], [ 106.689273, -5.974310 ], [ 106.689248, -5.974363 ], [ 106.689216, -5.974410 ], [ 106.689209, -5.974545 ], [ 106.689227, -5.974899 ], [ 106.689245, -5.975059 ], [ 106.689303, -5.975173 ], [ 106.689348, -5.975193 ] ] ] } }
,
{ "type": "Feature", "properties": { "Fungsi": "TN" }, "geometry": { "type": "Polygon", "coordinates": [ [ [ 106.611473, -5.749215 ], [ 106.611483, -5.749243 ], [ 106.611473, -5.749228 ], [ 106.611450, -5.749119 ], [ 106.611464, -5.748957 ], [ 106.611507, -5.748653 ], [ 106.611522, -5.748631 ], [ 106.611506, -5.748768 ], [ 106.611547, -5.748891 ], [ 106.611497, -5.749013 ], [ 106.611473, -5.749215 ] ] ] } }
,
{ "type": "Feature", "properties": { "Fungsi": "TN" }, "geometry": { "type": "Polygon", "coordinates": [ [ [ 106.615032, -5.746614 ], [ 106.615174, -5.746706 ], [ 106.615227, -5.746644 ], [ 106.615587, -5.746789 ], [ 106.615622, -5.746811 ], [ 106.615788, -5.746844 ], [ 106.615879, -5.746877 ], [ 106.615988, -5.746939 ], [ 106.616107, -5.746987 ], [ 106.616188, -5.747096 ], [ 106.616236, -5.747220 ], [ 106.616226, -5.747330 ], [ 106.616202, -5.747448 ], [ 106.616131, -5.747572 ], [ 106.616085, -5.747634 ], [ 106.616031, -5.747705 ], [ 106.615955, -5.747720 ], [ 106.615907, -5.747753 ], [ 106.615845, -5.747820 ], [ 106.615741, -5.747910 ], [ 106.615636, -5.748010 ], [ 106.615617, -5.748006 ], [ 106.615479, -5.748024 ], [ 106.615422, -5.748034 ], [ 106.615389, -5.748010 ], [ 106.615374, -5.747981 ], [ 106.615384, -5.747939 ], [ 106.615391, -5.747917 ], [ 106.615436, -5.747858 ], [ 106.615588, -5.747915 ], [ 106.615780, -5.747616 ], [ 106.616079, -5.747149 ], [ 106.615284, -5.746730 ], [ 106.614846, -5.747529 ], [ 106.614901, -5.747564 ], [ 106.615079, -5.747677 ], [ 106.615032, -5.748119 ], [ 106.614975, -5.748139 ], [ 106.614884, -5.748148 ], [ 106.614827, -5.748124 ], [ 106.614837, -5.748053 ], [ 106.614932, -5.748010 ], [ 106.615022, -5.747729 ], [ 106.614754, -5.747555 ], [ 106.614603, -5.747458 ], [ 106.614598, -5.747452 ], [ 106.614693, -5.747144 ], [ 106.614790, -5.746984 ], [ 106.614798, -5.746975 ], [ 106.614806, -5.746965 ], [ 106.614953, -5.746788 ], [ 106.615032, -5.746614 ] ] ] } }
,
{ "type": "Feature", "properties": { "Fungsi": "TN" }, "geometry": { "type": "Polygon", "coordinates": [ [ [ 106.611607, -5.746787 ], [ 106.612140, -5.746997 ], [ 106.612168, -5.746944 ], [ 106.612221, -5.746806 ], [ 106.612281, -5.746748 ], [ 106.612109, -5.747168 ], [ 106.612109, -5.747168 ], [ 106.612015, -5.747394 ], [ 106.611822, -5.747857 ], [ 106.611883, -5.747634 ], [ 106.611935, -5.747458 ], [ 106.611918, -5.747388 ], [ 106.611906, -5.747344 ], [ 106.611811, -5.747239 ], [ 106.611483, -5.747068 ], [ 106.611426, -5.746930 ], [ 106.611516, -5.746711 ], [ 106.611640, -5.746444 ], [ 106.611707, -5.746207 ], [ 106.611807, -5.746245 ], [ 106.611759, -5.746349 ], [ 106.611692, -5.746563 ], [ 106.611607, -5.746787 ] ] ] } }
,
{ "type": "Feature", "properties": { "Fungsi": "TN" }, "geometry": { "type": "Polygon", "coordinates": [ [ [ 106.612511, -5.744941 ], [ 106.612897, -5.745014 ], [ 106.612925, -5.744971 ], [ 106.612880, -5.745093 ], [ 106.612784, -5.745466 ], [ 106.612757, -5.745564 ], [ 106.612747, -5.745604 ], [ 106.612696, -5.745777 ], [ 106.612695, -5.745786 ], [ 106.612695, -5.745787 ], [ 106.612666, -5.745956 ], [ 106.612658, -5.745988 ], [ 106.612544, -5.746182 ], [ 106.612547, -5.746160 ], [ 106.612159, -5.746040 ], [ 106.612225, -5.745859 ], [ 106.612368, -5.745493 ], [ 106.612420, -5.745288 ], [ 106.612511, -5.744941 ] ] ] } }
,
{ "type": "Feature", "properties": { "Fungsi": "TN" }, "geometry": { "type": "Polygon", "coordinates": [ [ [ 106.619020, -5.739734 ], [ 106.618980, -5.739751 ], [ 106.618954, -5.739725 ], [ 106.618951, -5.739705 ], [ 106.618974, -5.739657 ], [ 106.618986, -5.739617 ], [ 106.618986, -5.739594 ], [ 106.618977, -5.739568 ], [ 106.618948, -5.739540 ], [ 106.618960, -5.739514 ], [ 106.619003, -5.739500 ], [ 106.619048, -5.739508 ], [ 106.619074, -5.739531 ], [ 106.619097, -5.739557 ], [ 106.619128, -5.739597 ], [ 106.619143, -5.739643 ], [ 106.619128, -5.739708 ], [ 106.619111, -5.739717 ], [ 106.619068, -5.739720 ], [ 106.619020, -5.739734 ] ] ] } }
,
{ "type": "Feature", "properties": { "Fungsi": "TN" }, "geometry": { "type": "Polygon", "coordinates": [ [ [ 106.609732, -5.737995 ], [ 106.609635, -5.737995 ], [ 106.609503, -5.737921 ], [ 106.609389, -5.737830 ], [ 106.609321, -5.737761 ], [ 106.609321, -5.737658 ], [ 106.609384, -5.737493 ], [ 106.609382, -5.737469 ], [ 106.609388, -5.737290 ], [ 106.609286, -5.737247 ], [ 106.609326, -5.737121 ], [ 106.609412, -5.736870 ], [ 106.609515, -5.736699 ], [ 106.610017, -5.736842 ], [ 106.610010, -5.736864 ], [ 106.610006, -5.736876 ], [ 106.609993, -5.736882 ], [ 106.609955, -5.737030 ], [ 106.609903, -5.737224 ], [ 106.609920, -5.737418 ], [ 106.609935, -5.737465 ], [ 106.609934, -5.737469 ], [ 106.609919, -5.737599 ], [ 106.609892, -5.737635 ], [ 106.609823, -5.737801 ], [ 106.609754, -5.737949 ], [ 106.609732, -5.737995 ] ] ] } }
,
{ "type": "Feature", "properties": { "Fungsi": "TN" }, "geometry": { "type": "Polygon", "coordinates": [ [ [ 106.565389, -5.663501 ], [ 106.565305, -5.663591 ], [ 106.565379, -5.663319 ], [ 106.565395, -5.663405 ], [ 106.565389, -5.663501 ] ] ] } }
,
{ "type": "Feature", "properties": { "Fungsi": "TN" }, "geometry": { "type": "Polygon", "coordinates": [ [ [ 106.566390, -5.663726 ], [ 106.566419, -5.663811 ], [ 106.565991, -5.663995 ], [ 106.565883, -5.663756 ], [ 106.566019, -5.663774 ], [ 106.566460, -5.663566 ], [ 106.567406, -5.663073 ], [ 106.567494, -5.663046 ], [ 106.568161, -5.662666 ], [ 106.568437, -5.662552 ], [ 106.568607, -5.662388 ], [ 106.568774, -5.662245 ], [ 106.569093, -5.661904 ], [ 106.569607, -5.661447 ], [ 106.570121, -5.661143 ], [ 106.570338, -5.660977 ], [ 106.570362, -5.660922 ], [ 106.570391, -5.661043 ], [ 106.568373, -5.662661 ], [ 106.566390, -5.663726 ] ] ] } }
,
{ "type": "Feature", "properties": { "Fungsi": "TN" }, "geometry": { "type": "Polygon", "coordinates": [ [ [ 106.568618, -5.656168 ], [ 106.568228, -5.656373 ], [ 106.568140, -5.656220 ], [ 106.568335, -5.656153 ], [ 106.568391, -5.656243 ], [ 106.568486, -5.656189 ], [ 106.568586, -5.656103 ], [ 106.568618, -5.656168 ] ] ] } }
,
{ "type": "Feature", "properties": { "Fungsi": "TN" }, "geometry": { "type": "Polygon", "coordinates": [ [ [ 106.572030, -5.654716 ], [ 106.572087, -5.654746 ], [ 106.572117, -5.654853 ], [ 106.572094, -5.655028 ], [ 106.572056, -5.655256 ], [ 106.572015, -5.655462 ], [ 106.571973, -5.655610 ], [ 106.571908, -5.655759 ], [ 106.571866, -5.655804 ], [ 106.571805, -5.655820 ], [ 106.571752, -5.655804 ], [ 106.571721, -5.655759 ], [ 106.571702, -5.655595 ], [ 106.571672, -5.655466 ], [ 106.571649, -5.655287 ], [ 106.571649, -5.655123 ], [ 106.571649, -5.654994 ], [ 106.571653, -5.654872 ], [ 106.571660, -5.654807 ], [ 106.571775, -5.654758 ], [ 106.571931, -5.654723 ], [ 106.571916, -5.654723 ], [ 106.572030, -5.654716 ] ] ] } }
,
{ "type": "Feature", "properties": { "Fungsi": "TN" }, "geometry": { "type": "Polygon", "coordinates": [ [ [ 106.579340, -5.654185 ], [ 106.579378, -5.654366 ], [ 106.579359, -5.654480 ], [ 106.579367, -5.654593 ], [ 106.579390, -5.654835 ], [ 106.579404, -5.655033 ], [ 106.579341, -5.655190 ], [ 106.579313, -5.655272 ], [ 106.579330, -5.655344 ], [ 106.579356, -5.655432 ], [ 106.579381, -5.655558 ], [ 106.579424, -5.655704 ], [ 106.579473, -5.656003 ], [ 106.579413, -5.656072 ], [ 106.579373, -5.656018 ], [ 106.579364, -5.655926 ], [ 106.579310, -5.655758 ], [ 106.579304, -5.655658 ], [ 106.579267, -5.655481 ], [ 106.579242, -5.655358 ], [ 106.579204, -5.655304 ], [ 106.579182, -5.655270 ], [ 106.579190, -5.655224 ], [ 106.579227, -5.655178 ], [ 106.579276, -5.655112 ], [ 106.579316, -5.655044 ], [ 106.579321, -5.654964 ], [ 106.579284, -5.654796 ], [ 106.579207, -5.654556 ], [ 106.578714, -5.654558 ], [ 106.578710, -5.654747 ], [ 106.578705, -5.654990 ], [ 106.578713, -5.655270 ], [ 106.578765, -5.655318 ], [ 106.578816, -5.655347 ], [ 106.578970, -5.655332 ], [ 106.578979, -5.655358 ], [ 106.578999, -5.655484 ], [ 106.579084, -5.655969 ], [ 106.579136, -5.656263 ], [ 106.579102, -5.656312 ], [ 106.579067, -5.656257 ], [ 106.579047, -5.656115 ], [ 106.578985, -5.655852 ], [ 106.578939, -5.655581 ], [ 106.578887, -5.655529 ], [ 106.578796, -5.655412 ], [ 106.578645, -5.655387 ], [ 106.578633, -5.655341 ], [ 106.578616, -5.655235 ], [ 106.578608, -5.655092 ], [ 106.578610, -5.654858 ], [ 106.578612, -5.654570 ], [ 106.578569, -5.654347 ], [ 106.578360, -5.654318 ], [ 106.578360, -5.654206 ], [ 106.578561, -5.654251 ], [ 106.578818, -5.654194 ], [ 106.578871, -5.654197 ], [ 106.579503, -5.653975 ], [ 106.579769, -5.653813 ], [ 106.580353, -5.653673 ], [ 106.580297, -5.653752 ], [ 106.580116, -5.653837 ], [ 106.579783, -5.653947 ], [ 106.579312, -5.654109 ], [ 106.579340, -5.654185 ] ] ] } }
,
{ "type": "Feature", "properties": { "Fungsi": "TN" }, "geometry": { "type": "Polygon", "coordinates": [ [ [ 106.567926, -5.653215 ], [ 106.567921, -5.653216 ], [ 106.568026, -5.653188 ], [ 106.568028, -5.653195 ], [ 106.568027, -5.653195 ], [ 106.567926, -5.653215 ] ] ] } }
,
{ "type": "Feature", "properties": { "Fungsi": "TN" }, "geometry": { "type": "Polygon", "coordinates": [ [ [ 106.574833, -5.653094 ], [ 106.575210, -5.653201 ], [ 106.575450, -5.653254 ], [ 106.575560, -5.653284 ], [ 106.575617, -5.653284 ], [ 106.575698, -5.653204 ], [ 106.575692, -5.653219 ], [ 106.575650, -5.653350 ], [ 106.575703, -5.653427 ], [ 106.575579, -5.653364 ], [ 106.575351, -5.653292 ], [ 106.575153, -5.653242 ], [ 106.574985, -5.653220 ], [ 106.574837, -5.653185 ], [ 106.574563, -5.653151 ], [ 106.574311, -5.653140 ], [ 106.574125, -5.653147 ], [ 106.573976, -5.653182 ], [ 106.573896, -5.653254 ], [ 106.573855, -5.653326 ], [ 106.574141, -5.655996 ], [ 106.573893, -5.656396 ], [ 106.574008, -5.656577 ], [ 106.574031, -5.656715 ], [ 106.573279, -5.656738 ], [ 106.573256, -5.656329 ], [ 106.573262, -5.656329 ], [ 106.573402, -5.656466 ], [ 106.573753, -5.656406 ], [ 106.573778, -5.656312 ], [ 106.573841, -5.656310 ], [ 106.574079, -5.655944 ], [ 106.573799, -5.653589 ], [ 106.573808, -5.653588 ], [ 106.573755, -5.653117 ], [ 106.573927, -5.653079 ], [ 106.574094, -5.653041 ], [ 106.574281, -5.653033 ], [ 106.574505, -5.653044 ], [ 106.574833, -5.653094 ] ] ] } }
,
{ "type": "Feature", "properties": { "Fungsi": "TN" }, "geometry": { "type": "Polygon", "coordinates": [ [ [ 106.566058, -5.653195 ], [ 106.566372, -5.653699 ], [ 106.566460, -5.653651 ], [ 106.566503, -5.653692 ], [ 106.566636, -5.653835 ], [ 106.566460, -5.653916 ], [ 106.566513, -5.654005 ], [ 106.566474, -5.654052 ], [ 106.566438, -5.654093 ], [ 106.566438, -5.654093 ], [ 106.566322, -5.653945 ], [ 106.566065, -5.654073 ], [ 106.565994, -5.654168 ], [ 106.565937, -5.654273 ], [ 106.565937, -5.654378 ], [ 106.565851, -5.654402 ], [ 106.565756, -5.654397 ], [ 106.565752, -5.654402 ], [ 106.565706, -5.654294 ], [ 106.566106, -5.653980 ], [ 106.566092, -5.653932 ], [ 106.566025, -5.653880 ], [ 106.565968, -5.653809 ], [ 106.565944, -5.653747 ], [ 106.565901, -5.653618 ], [ 106.565849, -5.653552 ], [ 106.565796, -5.653447 ], [ 106.565830, -5.653357 ], [ 106.565882, -5.653242 ], [ 106.565949, -5.653119 ], [ 106.566063, -5.652995 ], [ 106.566106, -5.652990 ], [ 106.566101, -5.653033 ], [ 106.566087, -5.653133 ], [ 106.566058, -5.653195 ] ] ] } }
,
{ "type": "Feature", "properties": { "Fungsi": "TN" }, "geometry": { "type": "Polygon", "coordinates": [ [ [ 106.573230, -5.652519 ], [ 106.573174, -5.652811 ], [ 106.573108, -5.652779 ], [ 106.573132, -5.652598 ], [ 106.573013, -5.652569 ], [ 106.572961, -5.652864 ], [ 106.572889, -5.652864 ], [ 106.572856, -5.652807 ], [ 106.572899, -5.652631 ], [ 106.572893, -5.652629 ], [ 106.572973, -5.652629 ], [ 106.573030, -5.652510 ], [ 106.573092, -5.652481 ], [ 106.573230, -5.652519 ] ] ] } }
,
{ "type": "Feature", "properties": { "Fungsi": "TN" }, "geometry": { "type": "Polygon", "coordinates": [ [ [ 106.570839, -5.652412 ], [ 106.570787, -5.652425 ], [ 106.570769, -5.652387 ], [ 106.570770, -5.652386 ], [ 106.570839, -5.652412 ] ] ] } }
,
{ "type": "Feature", "properties": { "Fungsi": "TN" }, "geometry": { "type": "Polygon", "coordinates": [ [ [ 106.578531, -5.651543 ], [ 106.578727, -5.651600 ], [ 106.578836, -5.651600 ], [ 106.578850, -5.651348 ], [ 106.578869, -5.651096 ], [ 106.578922, -5.650834 ], [ 106.578941, -5.650610 ], [ 106.578965, -5.650396 ], [ 106.579012, -5.650201 ], [ 106.579183, -5.650225 ], [ 106.578988, -5.651700 ], [ 106.578941, -5.651909 ], [ 106.578865, -5.651905 ], [ 106.578855, -5.651857 ], [ 106.578698, -5.651843 ], [ 106.578655, -5.651900 ], [ 106.578570, -5.651914 ], [ 106.578455, -5.651895 ], [ 106.578327, -5.651895 ], [ 106.578198, -5.651895 ], [ 106.578165, -5.651905 ], [ 106.578129, -5.652031 ], [ 106.578069, -5.652024 ], [ 106.578098, -5.651790 ], [ 106.578156, -5.651486 ], [ 106.578165, -5.651400 ], [ 106.578160, -5.651329 ], [ 106.578151, -5.651281 ], [ 106.578003, -5.651262 ], [ 106.577832, -5.651224 ], [ 106.577708, -5.651177 ], [ 106.577594, -5.651134 ], [ 106.577546, -5.651043 ], [ 106.577542, -5.650934 ], [ 106.577537, -5.650858 ], [ 106.577537, -5.650677 ], [ 106.577532, -5.650572 ], [ 106.577527, -5.650406 ], [ 106.577546, -5.650253 ], [ 106.577575, -5.650087 ], [ 106.577556, -5.649977 ], [ 106.577570, -5.649858 ], [ 106.577623, -5.649849 ], [ 106.577670, -5.649877 ], [ 106.577665, -5.649987 ], [ 106.577656, -5.650087 ], [ 106.577661, -5.650196 ], [ 106.577665, -5.650315 ], [ 106.577670, -5.650496 ], [ 106.577642, -5.650586 ], [ 106.577632, -5.650715 ], [ 106.577642, -5.650910 ], [ 106.577646, -5.651029 ], [ 106.577789, -5.651105 ], [ 106.578065, -5.651124 ], [ 106.578236, -5.651177 ], [ 106.578213, -5.651491 ], [ 106.578531, -5.651543 ] ] ] } }
,
{ "type": "Feature", "properties": { "Fungsi": "TN" }, "geometry": { "type": "Polygon", "coordinates": [ [ [ 106.568151, -5.649723 ], [ 106.568151, -5.649723 ], [ 106.568151, -5.649723 ], [ 106.568151, -5.649723 ] ] ] } }
,
{ "type": "Feature", "properties": { "Fungsi": "TN" }, "geometry": { "type": "Polygon", "coordinates": [ [ [ 106.567868, -5.649640 ], [ 106.568076, -5.649682 ], [ 106.568140, -5.649717 ], [ 106.567979, -5.649674 ], [ 106.567829, -5.649655 ], [ 106.567750, -5.649679 ], [ 106.567679, -5.649734 ], [ 106.567619, -5.649838 ], [ 106.567572, -5.650212 ], [ 106.567607, -5.650219 ], [ 106.567757, -5.650231 ], [ 106.567838, -5.650207 ], [ 106.567967, -5.650181 ], [ 106.568049, -5.650196 ], [ 106.568057, -5.650243 ], [ 106.568021, -5.650295 ], [ 106.567800, -5.650317 ], [ 106.567643, -5.650298 ], [ 106.567493, -5.650236 ], [ 106.567400, -5.650145 ], [ 106.567346, -5.650019 ], [ 106.567308, -5.649893 ], [ 106.567267, -5.649757 ], [ 106.567213, -5.649678 ], [ 106.567458, -5.649771 ], [ 106.567559, -5.649741 ], [ 106.567612, -5.649676 ], [ 106.567684, -5.649634 ], [ 106.567868, -5.649640 ] ] ] } }
,
{ "type": "Feature", "properties": { "Fungsi": "TN" }, "geometry": { "type": "Polygon", "coordinates": [ [ [ 106.566964, -5.607675 ], [ 106.566957, -5.607714 ], [ 106.566933, -5.607587 ], [ 106.566944, -5.607469 ], [ 106.566949, -5.607384 ], [ 106.566955, -5.607403 ], [ 106.566964, -5.607532 ], [ 106.566964, -5.607675 ] ] ] } }
,
{ "type": "Feature", "properties": { "Fungsi": "TN" }, "geometry": { "type": "Polygon", "coordinates": [ [ [ 106.567378, -5.607907 ], [ 106.567273, -5.607953 ], [ 106.567369, -5.607808 ], [ 106.567488, -5.607632 ], [ 106.567597, -5.607470 ], [ 106.567721, -5.607332 ], [ 106.567759, -5.607175 ], [ 106.567754, -5.607042 ], [ 106.567702, -5.606856 ], [ 106.567658, -5.606744 ], [ 106.567659, -5.606743 ], [ 106.567692, -5.606712 ], [ 106.567698, -5.606704 ], [ 106.567699, -5.606703 ], [ 106.567700, -5.606702 ], [ 106.567707, -5.606693 ], [ 106.567786, -5.606528 ], [ 106.567799, -5.606502 ], [ 106.567814, -5.606329 ], [ 106.567811, -5.606315 ], [ 106.567806, -5.606287 ], [ 106.567802, -5.606273 ], [ 106.567802, -5.606273 ], [ 106.567889, -5.606198 ], [ 106.567988, -5.606186 ], [ 106.568068, -5.606239 ], [ 106.568144, -5.606319 ], [ 106.568197, -5.606460 ], [ 106.568140, -5.606593 ], [ 106.568026, -5.606685 ], [ 106.567858, -5.606791 ], [ 106.567786, -5.606929 ], [ 106.567805, -5.607184 ], [ 106.567774, -5.607363 ], [ 106.567660, -5.607541 ], [ 106.567535, -5.607743 ], [ 106.567378, -5.607907 ] ] ] } }
,
{ "type": "Feature", "properties": { "Fungsi": "TN" }, "geometry": { "type": "Polygon", "coordinates": [ [ [ 106.438190, -5.464504 ], [ 106.438119, -5.464561 ], [ 106.438019, -5.464661 ], [ 106.438019, -5.464818 ], [ 106.438062, -5.465018 ], [ 106.438205, -5.465261 ], [ 106.438390, -5.465361 ], [ 106.438557, -5.465337 ], [ 106.438561, -5.465501 ], [ 106.438591, -5.465765 ], [ 106.438515, -5.465884 ], [ 106.438385, -5.465956 ], [ 106.438164, -5.466009 ], [ 106.437989, -5.465959 ], [ 106.437683, -5.465804 ], [ 106.437493, -5.465666 ], [ 106.437371, -5.465422 ], [ 106.437332, -5.465215 ], [ 106.437363, -5.464853 ], [ 106.437531, -5.464540 ], [ 106.437607, -5.464543 ], [ 106.437645, -5.464515 ], [ 106.437813, -5.464431 ], [ 106.438248, -5.464391 ], [ 106.438390, -5.464433 ], [ 106.438389, -5.464433 ], [ 106.438190, -5.464504 ] ] ] } }
,
{ "type": "Feature", "properties": { "Fungsi": "TN" }, "geometry": { "type": "Polygon", "coordinates": [ [ [ 106.572671, -5.456536 ], [ 106.572969, -5.456742 ], [ 106.572951, -5.456796 ], [ 106.572856, -5.456824 ], [ 106.572628, -5.456796 ], [ 106.572380, -5.456710 ], [ 106.572337, -5.456698 ], [ 106.572328, -5.456696 ], [ 106.572318, -5.456693 ], [ 106.572317, -5.456693 ], [ 106.572209, -5.456663 ], [ 106.572095, -5.456682 ], [ 106.572018, -5.456786 ], [ 106.571999, -5.456910 ], [ 106.571999, -5.456972 ], [ 106.571999, -5.456973 ], [ 106.571999, -5.457044 ], [ 106.572029, -5.457106 ], [ 106.572203, -5.457276 ], [ 106.572316, -5.457440 ], [ 106.572280, -5.457520 ], [ 106.572149, -5.457629 ], [ 106.571966, -5.457692 ], [ 106.571791, -5.457672 ], [ 106.571460, -5.457662 ], [ 106.571209, -5.457758 ], [ 106.571141, -5.457830 ], [ 106.570705, -5.458128 ], [ 106.570419, -5.458328 ], [ 106.570115, -5.458604 ], [ 106.569639, -5.458823 ], [ 106.569506, -5.458871 ], [ 106.569474, -5.458891 ], [ 106.569001, -5.459185 ], [ 106.568364, -5.459613 ], [ 106.567831, -5.459870 ], [ 106.567345, -5.459984 ], [ 106.566983, -5.460099 ], [ 106.566831, -5.460175 ], [ 106.566757, -5.460179 ], [ 106.566729, -5.460168 ], [ 106.566553, -5.460031 ], [ 106.566517, -5.459946 ], [ 106.566289, -5.459375 ], [ 106.566180, -5.458806 ], [ 106.566192, -5.458750 ], [ 106.566397, -5.457800 ], [ 106.566296, -5.457643 ], [ 106.566278, -5.457615 ], [ 106.566253, -5.457497 ], [ 106.566336, -5.457340 ], [ 106.566371, -5.457300 ], [ 106.566529, -5.457120 ], [ 106.566680, -5.457049 ], [ 106.567178, -5.456847 ], [ 106.567453, -5.456767 ], [ 106.567641, -5.456649 ], [ 106.567949, -5.456366 ], [ 106.568179, -5.456203 ], [ 106.568355, -5.456166 ], [ 106.568411, -5.456153 ], [ 106.568792, -5.456054 ], [ 106.569198, -5.455866 ], [ 106.569733, -5.455630 ], [ 106.570106, -5.455482 ], [ 106.570422, -5.455373 ], [ 106.570772, -5.455378 ], [ 106.571067, -5.455464 ], [ 106.571698, -5.455747 ], [ 106.572137, -5.456018 ], [ 106.572199, -5.456060 ], [ 106.572204, -5.456063 ], [ 106.572298, -5.456125 ], [ 106.572609, -5.456321 ], [ 106.572624, -5.456450 ], [ 106.572671, -5.456536 ] ] ] } }
,
{ "type": "Feature", "properties": { "Fungsi": "TN" }, "geometry": { "type": "Polygon", "coordinates": [ [ [ 106.556745, -5.460930 ], [ 106.556864, -5.460965 ], [ 106.557158, -5.460879 ], [ 106.557323, -5.460982 ], [ 106.557442, -5.461133 ], [ 106.557559, -5.461247 ], [ 106.557709, -5.461303 ], [ 106.557979, -5.461344 ], [ 106.558143, -5.461411 ], [ 106.558309, -5.461479 ], [ 106.558332, -5.461504 ], [ 106.558282, -5.461767 ], [ 106.558032, -5.461897 ], [ 106.557901, -5.461993 ], [ 106.557770, -5.462123 ], [ 106.557687, -5.462338 ], [ 106.557603, -5.462730 ], [ 106.557568, -5.462995 ], [ 106.557508, -5.463256 ], [ 106.557385, -5.463618 ], [ 106.557320, -5.463957 ], [ 106.557271, -5.464084 ], [ 106.556973, -5.464408 ], [ 106.556331, -5.464967 ], [ 106.555946, -5.465196 ], [ 106.555474, -5.465479 ], [ 106.555141, -5.465586 ], [ 106.554915, -5.465609 ], [ 106.554796, -5.465586 ], [ 106.554451, -5.465502 ], [ 106.554060, -5.465398 ], [ 106.553826, -5.465366 ], [ 106.553635, -5.465335 ], [ 106.553459, -5.465229 ], [ 106.553173, -5.464967 ], [ 106.552952, -5.464668 ], [ 106.552911, -5.464447 ], [ 106.552878, -5.464359 ], [ 106.552885, -5.464312 ], [ 106.552993, -5.463976 ], [ 106.552994, -5.463975 ], [ 106.553162, -5.463453 ], [ 106.553214, -5.463164 ], [ 106.553170, -5.462864 ], [ 106.553178, -5.462747 ], [ 106.553179, -5.462744 ], [ 106.553183, -5.462638 ], [ 106.553200, -5.462600 ], [ 106.553207, -5.462586 ], [ 106.553211, -5.462577 ], [ 106.553254, -5.462483 ], [ 106.553518, -5.461995 ], [ 106.553441, -5.461848 ], [ 106.553411, -5.461727 ], [ 106.553466, -5.461580 ], [ 106.553622, -5.461381 ], [ 106.553801, -5.461274 ], [ 106.554128, -5.461181 ], [ 106.554274, -5.461218 ], [ 106.554426, -5.461357 ], [ 106.554612, -5.461478 ], [ 106.554735, -5.461454 ], [ 106.554947, -5.461339 ], [ 106.554973, -5.461201 ], [ 106.555027, -5.461059 ], [ 106.555204, -5.461092 ], [ 106.555346, -5.461201 ], [ 106.555457, -5.461246 ], [ 106.555480, -5.461241 ], [ 106.555608, -5.461218 ], [ 106.555835, -5.461221 ], [ 106.556079, -5.461207 ], [ 106.556144, -5.461063 ], [ 106.556257, -5.460785 ], [ 106.556419, -5.460770 ], [ 106.556614, -5.460830 ], [ 106.556745, -5.460930 ] ] ] } }
,
{ "type": "Feature", "properties": { "Fungsi": "TNL" }, "geometry": { "type": "Polygon", "coordinates": [ [ [ 106.567699, -5.606703 ], [ 106.567698, -5.606704 ], [ 106.567698, -5.606704 ], [ 106.567700, -5.606702 ], [ 106.567699, -5.606703 ] ] ] } }
,
{ "type": "Feature", "properties": { "Fungsi": "TNL" }, "geometry": { "type": "Polygon", "coordinates": [ [ [ 106.567806, -5.606287 ], [ 106.567811, -5.606315 ], [ 106.567806, -5.606287 ], [ 106.567802, -5.606273 ], [ 106.567806, -5.606287 ] ] ] } }
,
{ "type": "Feature", "properties": { "Fungsi": "TNL" }, "geometry": { "type": "Polygon", "coordinates": [ [ [ 106.666661, -5.402526 ], [ 106.666667, -5.420258 ], [ 106.666793, -5.750177 ], [ 106.416341, -5.750158 ], [ 106.416302, -5.710423 ], [ 106.416302, -5.710416 ], [ 106.416004, -5.399958 ], [ 106.666660, -5.400152 ], [ 106.666661, -5.402526 ] ], [ [ 106.470734, -5.415594 ], [ 106.470996, -5.415678 ], [ 106.471103, -5.415630 ], [ 106.471520, -5.415273 ], [ 106.471829, -5.414988 ], [ 106.472055, -5.414702 ], [ 106.472210, -5.414476 ], [ 106.472507, -5.413893 ], [ 106.472733, -5.413500 ], [ 106.472983, -5.413108 ], [ 106.473197, -5.412977 ], [ 106.473292, -5.412929 ], [ 106.473304, -5.412846 ], [ 106.473233, -5.412739 ], [ 106.473042, -5.412656 ], [ 106.472966, -5.412615 ], [ 106.472864, -5.412560 ], [ 106.472721, -5.412442 ], [ 106.472555, -5.412227 ], [ 106.472198, -5.412132 ], [ 106.471936, -5.412132 ], [ 106.471389, -5.412323 ], [ 106.470937, -5.412608 ], [ 106.470532, -5.412894 ], [ 106.470342, -5.413251 ], [ 106.470223, -5.413703 ], [ 106.470175, -5.414393 ], [ 106.470189, -5.414613 ], [ 106.470199, -5.414773 ], [ 106.470258, -5.414999 ], [ 106.470437, -5.415321 ], [ 106.470734, -5.415594 ] ], [ [ 106.491621, -5.423033 ], [ 106.491727, -5.423036 ], [ 106.492295, -5.422588 ], [ 106.492509, -5.422430 ], [ 106.492809, -5.422145 ], [ 106.493194, -5.421831 ], [ 106.493579, -5.421517 ], [ 106.493908, -5.421203 ], [ 106.494093, -5.420860 ], [ 106.494222, -5.420475 ], [ 106.494302, -5.420242 ], [ 106.494365, -5.420061 ], [ 106.494521, -5.419677 ], [ 106.494579, -5.419161 ], [ 106.494408, -5.419033 ], [ 106.494279, -5.418947 ], [ 106.494108, -5.418861 ], [ 106.493808, -5.418689 ], [ 106.493508, -5.418604 ], [ 106.492315, -5.418460 ], [ 106.491980, -5.418445 ], [ 106.491825, -5.418483 ], [ 106.491525, -5.418558 ], [ 106.491277, -5.418602 ], [ 106.490950, -5.418779 ], [ 106.490767, -5.419061 ], [ 106.490553, -5.419361 ], [ 106.490232, -5.419783 ], [ 106.490121, -5.420195 ], [ 106.490088, -5.420599 ], [ 106.490068, -5.420855 ], [ 106.490139, -5.421360 ], [ 106.490224, -5.421774 ], [ 106.490381, -5.422159 ], [ 106.490581, -5.422345 ], [ 106.490838, -5.422488 ], [ 106.491281, -5.422802 ], [ 106.491621, -5.423033 ] ], [ [ 106.564278, -5.452844 ], [ 106.564373, -5.452891 ], [ 106.564487, -5.452872 ], [ 106.564649, -5.452777 ], [ 106.564763, -5.452644 ], [ 106.564840, -5.452463 ], [ 106.564802, -5.452358 ], [ 106.564716, -5.452368 ], [ 106.564573, -5.452396 ], [ 106.564468, -5.452434 ], [ 106.564392, -5.452482 ], [ 106.564288, -5.452587 ], [ 106.564240, -5.452691 ], [ 106.564249, -5.452786 ], [ 106.564278, -5.452844 ] ], [ [ 106.566729, -5.460168 ], [ 106.566757, -5.460179 ], [ 106.566831, -5.460175 ], [ 106.566983, -5.460099 ], [ 106.567345, -5.459984 ], [ 106.567831, -5.459870 ], [ 106.568364, -5.459613 ], [ 106.569001, -5.459185 ], [ 106.569474, -5.458891 ], [ 106.569506, -5.458871 ], [ 106.569639, -5.458823 ], [ 106.570115, -5.458604 ], [ 106.570419, -5.458328 ], [ 106.570705, -5.458128 ], [ 106.571141, -5.457830 ], [ 106.571209, -5.457758 ], [ 106.571460, -5.457662 ], [ 106.571791, -5.457672 ], [ 106.571966, -5.457692 ], [ 106.572149, -5.457629 ], [ 106.572280, -5.457520 ], [ 106.572316, -5.457440 ], [ 106.572203, -5.457276 ], [ 106.572029, -5.457106 ], [ 106.571999, -5.457044 ], [ 106.571999, -5.456973 ], [ 106.571999, -5.456972 ], [ 106.571999, -5.456910 ], [ 106.572018, -5.456786 ], [ 106.572095, -5.456682 ], [ 106.572209, -5.456663 ], [ 106.572317, -5.456693 ], [ 106.572318, -5.456693 ], [ 106.572328, -5.456696 ], [ 106.572337, -5.456698 ], [ 106.572380, -5.456710 ], [ 106.572628, -5.456796 ], [ 106.572856, -5.456824 ], [ 106.572951, -5.456796 ], [ 106.572969, -5.456742 ], [ 106.572671, -5.456536 ], [ 106.572624, -5.456450 ], [ 106.572609, -5.456321 ], [ 106.572298, -5.456125 ], [ 106.572204, -5.456063 ], [ 106.572199, -5.456060 ], [ 106.572137, -5.456018 ], [ 106.571698, -5.455747 ], [ 106.571067, -5.455464 ], [ 106.570772, -5.455378 ], [ 106.570422, -5.455373 ], [ 106.570106, -5.455482 ], [ 106.569733, -5.455630 ], [ 106.569198, -5.455866 ], [ 106.568792, -5.456054 ], [ 106.568411, -5.456153 ], [ 106.568355, -5.456166 ], [ 106.568179, -5.456203 ], [ 106.567949, -5.456366 ], [ 106.567641, -5.456649 ], [ 106.567453, -5.456767 ], [ 106.567178, -5.456847 ], [ 106.566680, -5.457049 ], [ 106.566529, -5.457120 ], [ 106.566371, -5.457300 ], [ 106.566336, -5.457340 ], [ 106.566253, -5.457497 ], [ 106.566278, -5.457615 ], [ 106.566296, -5.457643 ], [ 106.566397, -5.457800 ], [ 106.566192, -5.458750 ], [ 106.566180, -5.458806 ], [ 106.566289, -5.459375 ], [ 106.566517, -5.459946 ], [ 106.566553, -5.460031 ], [ 106.566729, -5.460168 ] ], [ [ 106.556257, -5.460785 ], [ 106.556144, -5.461063 ], [ 106.556079, -5.461207 ], [ 106.555835, -5.461221 ], [ 106.555608, -5.461218 ], [ 106.555480, -5.461241 ], [ 106.555457, -5.461246 ], [ 106.555346, -5.461201 ], [ 106.555204, -5.461092 ], [ 106.555027, -5.461059 ], [ 106.554973, -5.461201 ], [ 106.554947, -5.461339 ], [ 106.554735, -5.461454 ], [ 106.554612, -5.461478 ], [ 106.554426, -5.461357 ], [ 106.554274, -5.461218 ], [ 106.554128, -5.461181 ], [ 106.553801, -5.461274 ], [ 106.553622, -5.461381 ], [ 106.553466, -5.461580 ], [ 106.553411, -5.461727 ], [ 106.553441, -5.461848 ], [ 106.553518, -5.461995 ], [ 106.553254, -5.462483 ], [ 106.553211, -5.462577 ], [ 106.553207, -5.462586 ], [ 106.553200, -5.462600 ], [ 106.553183, -5.462638 ], [ 106.553179, -5.462744 ], [ 106.553178, -5.462747 ], [ 106.553170, -5.462864 ], [ 106.553214, -5.463164 ], [ 106.553162, -5.463453 ], [ 106.552994, -5.463975 ], [ 106.552993, -5.463976 ], [ 106.552885, -5.464312 ], [ 106.552878, -5.464359 ], [ 106.552911, -5.464447 ], [ 106.552952, -5.464668 ], [ 106.553173, -5.464967 ], [ 106.553459, -5.465229 ], [ 106.553635, -5.465335 ], [ 106.553826, -5.465366 ], [ 106.554060, -5.465398 ], [ 106.554451, -5.465502 ], [ 106.554796, -5.465586 ], [ 106.554915, -5.465609 ], [ 106.555141, -5.465586 ], [ 106.555474, -5.465479 ], [ 106.555946, -5.465196 ], [ 106.556331, -5.464967 ], [ 106.556973, -5.464408 ], [ 106.557271, -5.464084 ], [ 106.557320, -5.463957 ], [ 106.557385, -5.463618 ], [ 106.557508, -5.463256 ], [ 106.557568, -5.462995 ], [ 106.557603, -5.462730 ], [ 106.557687, -5.462338 ], [ 106.557770, -5.462123 ], [ 106.557901, -5.461993 ], [ 106.558032, -5.461897 ], [ 106.558282, -5.461767 ], [ 106.558332, -5.461504 ], [ 106.558309, -5.461479 ], [ 106.558143, -5.461411 ], [ 106.557979, -5.461344 ], [ 106.557709, -5.461303 ], [ 106.557559, -5.461247 ], [ 106.557442, -5.461133 ], [ 106.557323, -5.460982 ], [ 106.557158, -5.460879 ], [ 106.556864, -5.460965 ], [ 106.556745, -5.460930 ], [ 106.556614, -5.460830 ], [ 106.556419, -5.460770 ], [ 106.556257, -5.460785 ] ], [ [ 106.438533, -5.464447 ], [ 106.438390, -5.464433 ], [ 106.438390, -5.464433 ], [ 106.438248, -5.464391 ], [ 106.437813, -5.464431 ], [ 106.437645, -5.464515 ], [ 106.437607, -5.464543 ], [ 106.437531, -5.464540 ], [ 106.437363, -5.464853 ], [ 106.437332, -5.465215 ], [ 106.437371, -5.465422 ], [ 106.437493, -5.465666 ], [ 106.437683, -5.465804 ], [ 106.437989, -5.465959 ], [ 106.438164, -5.466009 ], [ 106.438385, -5.465956 ], [ 106.438515, -5.465884 ], [ 106.438591, -5.465765 ], [ 106.438561, -5.465501 ], [ 106.438557, -5.465337 ], [ 106.438690, -5.465318 ], [ 106.438919, -5.465175 ], [ 106.439004, -5.465089 ], [ 106.438976, -5.464961 ], [ 106.438719, -5.464561 ], [ 106.438533, -5.464447 ] ], [ [ 106.545866, -5.462626 ], [ 106.545670, -5.462553 ], [ 106.545461, -5.462562 ], [ 106.545164, -5.462702 ], [ 106.544968, -5.462851 ], [ 106.544928, -5.462895 ], [ 106.544775, -5.463136 ], [ 106.544730, -5.463206 ], [ 106.544657, -5.463476 ], [ 106.544645, -5.463524 ], [ 106.544645, -5.463525 ], [ 106.544881, -5.463719 ], [ 106.545238, -5.463776 ], [ 106.545631, -5.463811 ], [ 106.545801, -5.463786 ], [ 106.546034, -5.463534 ], [ 106.546083, -5.463488 ], [ 106.546135, -5.463339 ], [ 106.546166, -5.463248 ], [ 106.546166, -5.463077 ], [ 106.546165, -5.463075 ], [ 106.546080, -5.462905 ], [ 106.545951, -5.462678 ], [ 106.545866, -5.462626 ] ], [ [ 106.522558, -5.479488 ], [ 106.523182, -5.479618 ], [ 106.523974, -5.479613 ], [ 106.524301, -5.479601 ], [ 106.524729, -5.479422 ], [ 106.525050, -5.479149 ], [ 106.525484, -5.478619 ], [ 106.525752, -5.478369 ], [ 106.525978, -5.478167 ], [ 106.526180, -5.477828 ], [ 106.526448, -5.477263 ], [ 106.526627, -5.476977 ], [ 106.526882, -5.476549 ], [ 106.527186, -5.476216 ], [ 106.527422, -5.476079 ], [ 106.527445, -5.476055 ], [ 106.527227, -5.476049 ], [ 106.526841, -5.476222 ], [ 106.526819, -5.476232 ], [ 106.526819, -5.476232 ], [ 106.525395, -5.476930 ], [ 106.524783, -5.477197 ], [ 106.523634, -5.477733 ], [ 106.522742, -5.478381 ], [ 106.522479, -5.478687 ], [ 106.522344, -5.478845 ], [ 106.522320, -5.479119 ], [ 106.522397, -5.479303 ], [ 106.522558, -5.479488 ] ], [ [ 106.576134, -5.494559 ], [ 106.576319, -5.495095 ], [ 106.576364, -5.495093 ], [ 106.577295, -5.494835 ], [ 106.577997, -5.494520 ], [ 106.578442, -5.494202 ], [ 106.579013, -5.493655 ], [ 106.579394, -5.493179 ], [ 106.579870, -5.493013 ], [ 106.579905, -5.493000 ], [ 106.579912, -5.492997 ], [ 106.580123, -5.492771 ], [ 106.580246, -5.492567 ], [ 106.580338, -5.492139 ], [ 106.580332, -5.491979 ], [ 106.580293, -5.491908 ], [ 106.580255, -5.491838 ], [ 106.579841, -5.491848 ], [ 106.579424, -5.491876 ], [ 106.579219, -5.491845 ], [ 106.578832, -5.491714 ], [ 106.578735, -5.491690 ], [ 106.578723, -5.491691 ], [ 106.578558, -5.491601 ], [ 106.578210, -5.491607 ], [ 106.577918, -5.491641 ], [ 106.577581, -5.491761 ], [ 106.577205, -5.491966 ], [ 106.576850, -5.492098 ], [ 106.576840, -5.492132 ], [ 106.576813, -5.492166 ], [ 106.576625, -5.492397 ], [ 106.576457, -5.492628 ], [ 106.576391, -5.492846 ], [ 106.576180, -5.493547 ], [ 106.576129, -5.493644 ], [ 106.576063, -5.494060 ], [ 106.576107, -5.494368 ], [ 106.576134, -5.494559 ] ], [ [ 106.547846, -5.499474 ], [ 106.547587, -5.499781 ], [ 106.547496, -5.499910 ], [ 106.547391, -5.499953 ], [ 106.547237, -5.499915 ], [ 106.547091, -5.499760 ], [ 106.546977, -5.499618 ], [ 106.546856, -5.499552 ], [ 106.546745, -5.499570 ], [ 106.546646, -5.499677 ], [ 106.546715, -5.499991 ], [ 106.546716, -5.499996 ], [ 106.546717, -5.500000 ], [ 106.546743, -5.500115 ], [ 106.546550, -5.500399 ], [ 106.546291, -5.500616 ], [ 106.546213, -5.500668 ], [ 106.546013, -5.500883 ], [ 106.545782, -5.501090 ], [ 106.545025, -5.501836 ], [ 106.544609, -5.502296 ], [ 106.544266, -5.502621 ], [ 106.544159, -5.502709 ], [ 106.543845, -5.503152 ], [ 106.543278, -5.503920 ], [ 106.542994, -5.504252 ], [ 106.542880, -5.504349 ], [ 106.542725, -5.504481 ], [ 106.542668, -5.504626 ], [ 106.542668, -5.504946 ], [ 106.542821, -5.505098 ], [ 106.542925, -5.505176 ], [ 106.542958, -5.505178 ], [ 106.543113, -5.505169 ], [ 106.544070, -5.505033 ], [ 106.544391, -5.504964 ], [ 106.544541, -5.504809 ], [ 106.545729, -5.504246 ], [ 106.546780, -5.503636 ], [ 106.548090, -5.502982 ], [ 106.549506, -5.502540 ], [ 106.550298, -5.502509 ], [ 106.551196, -5.502433 ], [ 106.551821, -5.502266 ], [ 106.552506, -5.502174 ], [ 106.552856, -5.502174 ], [ 106.553115, -5.502403 ], [ 106.553587, -5.502768 ], [ 106.553800, -5.502982 ], [ 106.554074, -5.503073 ], [ 106.554079, -5.503076 ], [ 106.554165, -5.502947 ], [ 106.554233, -5.502866 ], [ 106.554468, -5.502877 ], [ 106.554592, -5.502753 ], [ 106.554942, -5.502631 ], [ 106.555192, -5.502506 ], [ 106.555277, -5.502464 ], [ 106.555552, -5.502281 ], [ 106.555871, -5.502114 ], [ 106.555975, -5.502054 ], [ 106.556118, -5.502113 ], [ 106.556346, -5.502124 ], [ 106.556510, -5.502072 ], [ 106.557059, -5.501568 ], [ 106.557180, -5.501411 ], [ 106.557247, -5.501153 ], [ 106.557232, -5.500901 ], [ 106.557140, -5.500693 ], [ 106.557116, -5.500640 ], [ 106.556996, -5.500499 ], [ 106.556995, -5.500498 ], [ 106.556995, -5.500498 ], [ 106.556776, -5.500386 ], [ 106.555237, -5.500443 ], [ 106.554903, -5.500454 ], [ 106.554720, -5.500403 ], [ 106.554670, -5.500265 ], [ 106.554617, -5.500136 ], [ 106.554497, -5.500054 ], [ 106.554266, -5.500023 ], [ 106.554048, -5.500074 ], [ 106.553783, -5.500059 ], [ 106.553593, -5.500048 ], [ 106.553413, -5.500102 ], [ 106.553269, -5.500209 ], [ 106.553146, -5.500495 ], [ 106.553089, -5.500641 ], [ 106.552990, -5.500735 ], [ 106.552861, -5.500770 ], [ 106.552699, -5.500711 ], [ 106.552531, -5.500564 ], [ 106.552391, -5.500418 ], [ 106.551827, -5.500483 ], [ 106.551153, -5.500352 ], [ 106.550906, -5.500264 ], [ 106.550818, -5.500199 ], [ 106.550908, -5.500000 ], [ 106.550990, -5.499820 ], [ 106.551021, -5.499752 ], [ 106.551036, -5.499719 ], [ 106.550955, -5.499607 ], [ 106.550737, -5.499489 ], [ 106.550387, -5.499434 ], [ 106.549834, -5.499349 ], [ 106.549431, -5.499278 ], [ 106.549431, -5.499278 ], [ 106.549425, -5.499278 ], [ 106.549424, -5.499278 ], [ 106.548972, -5.499289 ], [ 106.547998, -5.499435 ], [ 106.547846, -5.499474 ] ], [ [ 106.533597, -5.501552 ], [ 106.533007, -5.501400 ], [ 106.532388, -5.501476 ], [ 106.532096, -5.501522 ], [ 106.531933, -5.501592 ], [ 106.531800, -5.501700 ], [ 106.531729, -5.501852 ], [ 106.531728, -5.501854 ], [ 106.531683, -5.501950 ], [ 106.531676, -5.502054 ], [ 106.531676, -5.502060 ], [ 106.531666, -5.502219 ], [ 106.531678, -5.502455 ], [ 106.531694, -5.502839 ], [ 106.531769, -5.502979 ], [ 106.532286, -5.503357 ], [ 106.532553, -5.503480 ], [ 106.533366, -5.503532 ], [ 106.533725, -5.503565 ], [ 106.534014, -5.503614 ], [ 106.534311, -5.503592 ], [ 106.534606, -5.503499 ], [ 106.534811, -5.503363 ], [ 106.534948, -5.503160 ], [ 106.535043, -5.502894 ], [ 106.535043, -5.502654 ], [ 106.535043, -5.502653 ], [ 106.535043, -5.502599 ], [ 106.534903, -5.502340 ], [ 106.534863, -5.502266 ], [ 106.534510, -5.501999 ], [ 106.534196, -5.501799 ], [ 106.533597, -5.501552 ] ], [ [ 106.533812, -5.512355 ], [ 106.533549, -5.512572 ], [ 106.533403, -5.512577 ], [ 106.533278, -5.512577 ], [ 106.533276, -5.512577 ], [ 106.533276, -5.512577 ], [ 106.533272, -5.512577 ], [ 106.533237, -5.512612 ], [ 106.533288, -5.512715 ], [ 106.533290, -5.512720 ], [ 106.533296, -5.512731 ], [ 106.533368, -5.512838 ], [ 106.533301, -5.513425 ], [ 106.533208, -5.514013 ], [ 106.533119, -5.514277 ], [ 106.532775, -5.514708 ], [ 106.532398, -5.515246 ], [ 106.532370, -5.515291 ], [ 106.532361, -5.515411 ], [ 106.532361, -5.515413 ], [ 106.532353, -5.515524 ], [ 106.532428, -5.515777 ], [ 106.532558, -5.515813 ], [ 106.532796, -5.515789 ], [ 106.533237, -5.515539 ], [ 106.533701, -5.515182 ], [ 106.534700, -5.514540 ], [ 106.535354, -5.514207 ], [ 106.535949, -5.514088 ], [ 106.536437, -5.514004 ], [ 106.536711, -5.513921 ], [ 106.537020, -5.513659 ], [ 106.537734, -5.513279 ], [ 106.538126, -5.512969 ], [ 106.538412, -5.512541 ], [ 106.538561, -5.512222 ], [ 106.538501, -5.511608 ], [ 106.538479, -5.511552 ], [ 106.538405, -5.511368 ], [ 106.538289, -5.511242 ], [ 106.537973, -5.511145 ], [ 106.537594, -5.511079 ], [ 106.536760, -5.511167 ], [ 106.536102, -5.511266 ], [ 106.535790, -5.511352 ], [ 106.535354, -5.511563 ], [ 106.534866, -5.511789 ], [ 106.533812, -5.512355 ] ], [ [ 106.528142, -5.512517 ], [ 106.527797, -5.512446 ], [ 106.526976, -5.512482 ], [ 106.526441, -5.512612 ], [ 106.526024, -5.512886 ], [ 106.525882, -5.513124 ], [ 106.525854, -5.513198 ], [ 106.525803, -5.513333 ], [ 106.525796, -5.513533 ], [ 106.526103, -5.513876 ], [ 106.526417, -5.514104 ], [ 106.526810, -5.514376 ], [ 106.527145, -5.514511 ], [ 106.527445, -5.514554 ], [ 106.527852, -5.514575 ], [ 106.528145, -5.514526 ], [ 106.528509, -5.514440 ], [ 106.528730, -5.514319 ], [ 106.528958, -5.514104 ], [ 106.529058, -5.513783 ], [ 106.529117, -5.513605 ], [ 106.529074, -5.513422 ], [ 106.529074, -5.513421 ], [ 106.529061, -5.513367 ], [ 106.528950, -5.513263 ], [ 106.528534, -5.512921 ], [ 106.528397, -5.512730 ], [ 106.528142, -5.512517 ] ], [ [ 106.520517, -5.516918 ], [ 106.520607, -5.516941 ], [ 106.520666, -5.516905 ], [ 106.520690, -5.516834 ], [ 106.520726, -5.516667 ], [ 106.520797, -5.516489 ], [ 106.520928, -5.516346 ], [ 106.520976, -5.516179 ], [ 106.520904, -5.516132 ], [ 106.520846, -5.516132 ], [ 106.520797, -5.516132 ], [ 106.520678, -5.516191 ], [ 106.520559, -5.516298 ], [ 106.520488, -5.516441 ], [ 106.520417, -5.516667 ], [ 106.520440, -5.516822 ], [ 106.520512, -5.516917 ], [ 106.520517, -5.516918 ] ], [ [ 106.525213, -5.523193 ], [ 106.525508, -5.523259 ], [ 106.525822, -5.523193 ], [ 106.526270, -5.522936 ], [ 106.526527, -5.522603 ], [ 106.526628, -5.521942 ], [ 106.526572, -5.521753 ], [ 106.526548, -5.521671 ], [ 106.526407, -5.521469 ], [ 106.526346, -5.521346 ], [ 106.526251, -5.521213 ], [ 106.526165, -5.521118 ], [ 106.525955, -5.521051 ], [ 106.525641, -5.520994 ], [ 106.525422, -5.521032 ], [ 106.525127, -5.521269 ], [ 106.524854, -5.521365 ], [ 106.524599, -5.521504 ], [ 106.524447, -5.521658 ], [ 106.524376, -5.521806 ], [ 106.524252, -5.521851 ], [ 106.524181, -5.521955 ], [ 106.524109, -5.522060 ], [ 106.524071, -5.522184 ], [ 106.524100, -5.522374 ], [ 106.524318, -5.522755 ], [ 106.524556, -5.522841 ], [ 106.524690, -5.522898 ], [ 106.524756, -5.522936 ], [ 106.524918, -5.523040 ], [ 106.525213, -5.523193 ] ], [ [ 106.543038, -5.528211 ], [ 106.542917, -5.528246 ], [ 106.542803, -5.528232 ], [ 106.542730, -5.528220 ], [ 106.542558, -5.528241 ], [ 106.542446, -5.528282 ], [ 106.542317, -5.528346 ], [ 106.542103, -5.528439 ], [ 106.541782, -5.528503 ], [ 106.541496, -5.528582 ], [ 106.541351, -5.528653 ], [ 106.541111, -5.528338 ], [ 106.540992, -5.528424 ], [ 106.541254, -5.528766 ], [ 106.541182, -5.528800 ], [ 106.541011, -5.528801 ], [ 106.540950, -5.528830 ], [ 106.540856, -5.528932 ], [ 106.540821, -5.529056 ], [ 106.540754, -5.529123 ], [ 106.540654, -5.529175 ], [ 106.540526, -5.529203 ], [ 106.540326, -5.529424 ], [ 106.540140, -5.529667 ], [ 106.539983, -5.529924 ], [ 106.539812, -5.530166 ], [ 106.539674, -5.530370 ], [ 106.539666, -5.530460 ], [ 106.539683, -5.530508 ], [ 106.539664, -5.530570 ], [ 106.539612, -5.530608 ], [ 106.539516, -5.530681 ], [ 106.539442, -5.530884 ], [ 106.539433, -5.530909 ], [ 106.539319, -5.531173 ], [ 106.539276, -5.531373 ], [ 106.539284, -5.531637 ], [ 106.539300, -5.531716 ], [ 106.539353, -5.531776 ], [ 106.539448, -5.531851 ], [ 106.539512, -5.531950 ], [ 106.539559, -5.531969 ], [ 106.539659, -5.531974 ], [ 106.539907, -5.531907 ], [ 106.540240, -5.531788 ], [ 106.540637, -5.531593 ], [ 106.540692, -5.531533 ], [ 106.541025, -5.531330 ], [ 106.541332, -5.531123 ], [ 106.541687, -5.530841 ], [ 106.541972, -5.530646 ], [ 106.542182, -5.530489 ], [ 106.542296, -5.530408 ], [ 106.542377, -5.530403 ], [ 106.542477, -5.530413 ], [ 106.542567, -5.530370 ], [ 106.542638, -5.530299 ], [ 106.542743, -5.530261 ], [ 106.542888, -5.530238 ], [ 106.543031, -5.530152 ], [ 106.543195, -5.530052 ], [ 106.543388, -5.529952 ], [ 106.543509, -5.529874 ], [ 106.543695, -5.529788 ], [ 106.543873, -5.529660 ], [ 106.544052, -5.529553 ], [ 106.544209, -5.529403 ], [ 106.544210, -5.529400 ], [ 106.544211, -5.529399 ], [ 106.544316, -5.529181 ], [ 106.544366, -5.529017 ], [ 106.544377, -5.528889 ], [ 106.544329, -5.528551 ], [ 106.544280, -5.528439 ], [ 106.544195, -5.528310 ], [ 106.544033, -5.528193 ], [ 106.543774, -5.528089 ], [ 106.543567, -5.528032 ], [ 106.543362, -5.528027 ], [ 106.543159, -5.528132 ], [ 106.543038, -5.528211 ] ], [ [ 106.529787, -5.537659 ], [ 106.529818, -5.537675 ], [ 106.529927, -5.537648 ], [ 106.530046, -5.537657 ], [ 106.530189, -5.537681 ], [ 106.530350, -5.537803 ], [ 106.530540, -5.537892 ], [ 106.530665, -5.537993 ], [ 106.530790, -5.537987 ], [ 106.530903, -5.537964 ], [ 106.531082, -5.537940 ], [ 106.531379, -5.537857 ], [ 106.531501, -5.537806 ], [ 106.532045, -5.537651 ], [ 106.532218, -5.537660 ], [ 106.532414, -5.537613 ], [ 106.532575, -5.537553 ], [ 106.532759, -5.537529 ], [ 106.533027, -5.537446 ], [ 106.533277, -5.537398 ], [ 106.533387, -5.537329 ], [ 106.533492, -5.537277 ], [ 106.533577, -5.537262 ], [ 106.533706, -5.537305 ], [ 106.533844, -5.537277 ], [ 106.533987, -5.537201 ], [ 106.534087, -5.537129 ], [ 106.534239, -5.537077 ], [ 106.534377, -5.537039 ], [ 106.534484, -5.536976 ], [ 106.534567, -5.536863 ], [ 106.534621, -5.536833 ], [ 106.534805, -5.536756 ], [ 106.534939, -5.536726 ], [ 106.535507, -5.536322 ], [ 106.535890, -5.536030 ], [ 106.536190, -5.535654 ], [ 106.536361, -5.535373 ], [ 106.536394, -5.535007 ], [ 106.536366, -5.534858 ], [ 106.536365, -5.534854 ], [ 106.536364, -5.534846 ], [ 106.536346, -5.534686 ], [ 106.536251, -5.534579 ], [ 106.536013, -5.534543 ], [ 106.535811, -5.534561 ], [ 106.535519, -5.534614 ], [ 106.535329, -5.534674 ], [ 106.535148, -5.534795 ], [ 106.535028, -5.534861 ], [ 106.534924, -5.534876 ], [ 106.534770, -5.534924 ], [ 106.534567, -5.534989 ], [ 106.534383, -5.535162 ], [ 106.534222, -5.535287 ], [ 106.534026, -5.535352 ], [ 106.533889, -5.535364 ], [ 106.533764, -5.535453 ], [ 106.533550, -5.535572 ], [ 106.533413, -5.535703 ], [ 106.533306, -5.535745 ], [ 106.533169, -5.535751 ], [ 106.532967, -5.535810 ], [ 106.532801, -5.535870 ], [ 106.532670, -5.535905 ], [ 106.532557, -5.535965 ], [ 106.532402, -5.536066 ], [ 106.532307, -5.536161 ], [ 106.532087, -5.536322 ], [ 106.531932, -5.536387 ], [ 106.531766, -5.536387 ], [ 106.531551, -5.536453 ], [ 106.531379, -5.536619 ], [ 106.531254, -5.536697 ], [ 106.531141, -5.536768 ], [ 106.530992, -5.536792 ], [ 106.530772, -5.536887 ], [ 106.530731, -5.536976 ], [ 106.530623, -5.537107 ], [ 106.530516, -5.537279 ], [ 106.530261, -5.537425 ], [ 106.530259, -5.537426 ], [ 106.530255, -5.537428 ], [ 106.530142, -5.537476 ], [ 106.529981, -5.537547 ], [ 106.529854, -5.537559 ], [ 106.529789, -5.537596 ], [ 106.529787, -5.537659 ] ], [ [ 106.578470, -5.540170 ], [ 106.578527, -5.540198 ], [ 106.578556, -5.540156 ], [ 106.578594, -5.540046 ], [ 106.578651, -5.539937 ], [ 106.578760, -5.539822 ], [ 106.578894, -5.539727 ], [ 106.579013, -5.539699 ], [ 106.579132, -5.539680 ], [ 106.579151, -5.539627 ], [ 106.579084, -5.539604 ], [ 106.578989, -5.539575 ], [ 106.578870, -5.539527 ], [ 106.578789, -5.539518 ], [ 106.578713, -5.539530 ], [ 106.578665, -5.539537 ], [ 106.578541, -5.539604 ], [ 106.578456, -5.539708 ], [ 106.578408, -5.539841 ], [ 106.578418, -5.539937 ], [ 106.578441, -5.540051 ], [ 106.578448, -5.540080 ], [ 106.578470, -5.540170 ] ], [ [ 106.518189, -5.551060 ], [ 106.518289, -5.551094 ], [ 106.518474, -5.551094 ], [ 106.518636, -5.551103 ], [ 106.518755, -5.551160 ], [ 106.518922, -5.551227 ], [ 106.519103, -5.551322 ], [ 106.519209, -5.551389 ], [ 106.519485, -5.551446 ], [ 106.519628, -5.551408 ], [ 106.519704, -5.551408 ], [ 106.519836, -5.551370 ], [ 106.519893, -5.551332 ], [ 106.520031, -5.551222 ], [ 106.520173, -5.551094 ], [ 106.520514, -5.550712 ], [ 106.520613, -5.550494 ], [ 106.520684, -5.550399 ], [ 106.520727, -5.550318 ], [ 106.520881, -5.549959 ], [ 106.520993, -5.549562 ], [ 106.521000, -5.549477 ], [ 106.521013, -5.549324 ], [ 106.520989, -5.549228 ], [ 106.520855, -5.548924 ], [ 106.520763, -5.548809 ], [ 106.520654, -5.548771 ], [ 106.520540, -5.548771 ], [ 106.520430, -5.548819 ], [ 106.520254, -5.548867 ], [ 106.519977, -5.548907 ], [ 106.519923, -5.548933 ], [ 106.519675, -5.549057 ], [ 106.519295, -5.549238 ], [ 106.519104, -5.549371 ], [ 106.518723, -5.549638 ], [ 106.518682, -5.549682 ], [ 106.518467, -5.549914 ], [ 106.518232, -5.550156 ], [ 106.518152, -5.550513 ], [ 106.518057, -5.550713 ], [ 106.518051, -5.550808 ], [ 106.518103, -5.550946 ], [ 106.518189, -5.551060 ] ], [ [ 106.527679, -5.549320 ], [ 106.527455, -5.549382 ], [ 106.527285, -5.549359 ], [ 106.527181, -5.549388 ], [ 106.527009, -5.549493 ], [ 106.526848, -5.549683 ], [ 106.526676, -5.549826 ], [ 106.526521, -5.549956 ], [ 106.526438, -5.550026 ], [ 106.526416, -5.550155 ], [ 106.526448, -5.550235 ], [ 106.526553, -5.550330 ], [ 106.526657, -5.550482 ], [ 106.526762, -5.550554 ], [ 106.527054, -5.550661 ], [ 106.527241, -5.550697 ], [ 106.527451, -5.550720 ], [ 106.527523, -5.550720 ], [ 106.527685, -5.550701 ], [ 106.527876, -5.550711 ], [ 106.528113, -5.550692 ], [ 106.528274, -5.550692 ], [ 106.528913, -5.550634 ], [ 106.529287, -5.550559 ], [ 106.529546, -5.550463 ], [ 106.529684, -5.550359 ], [ 106.529865, -5.550216 ], [ 106.530008, -5.550090 ], [ 106.530027, -5.550040 ], [ 106.530031, -5.549998 ], [ 106.530051, -5.549805 ], [ 106.530038, -5.549670 ], [ 106.529992, -5.549582 ], [ 106.529874, -5.549321 ], [ 106.529754, -5.549172 ], [ 106.529592, -5.549111 ], [ 106.529479, -5.549090 ], [ 106.529218, -5.549074 ], [ 106.528723, -5.549121 ], [ 106.528437, -5.549150 ], [ 106.528171, -5.549178 ], [ 106.528075, -5.549183 ], [ 106.527679, -5.549320 ] ], [ [ 106.542017, -5.552143 ], [ 106.541955, -5.552186 ], [ 106.541893, -5.552186 ], [ 106.541790, -5.552178 ], [ 106.541575, -5.552288 ], [ 106.541455, -5.552481 ], [ 106.541388, -5.552572 ], [ 106.541322, -5.552572 ], [ 106.541254, -5.552548 ], [ 106.541169, -5.552588 ], [ 106.541117, -5.552672 ], [ 106.540898, -5.552687 ], [ 106.540827, -5.552738 ], [ 106.540819, -5.552809 ], [ 106.540816, -5.552830 ], [ 106.540819, -5.552875 ], [ 106.540819, -5.552875 ], [ 106.540829, -5.553043 ], [ 106.540825, -5.553059 ], [ 106.540824, -5.553062 ], [ 106.540589, -5.554019 ], [ 106.540553, -5.554459 ], [ 106.540563, -5.554734 ], [ 106.540556, -5.554905 ], [ 106.540595, -5.554945 ], [ 106.540753, -5.555048 ], [ 106.540936, -5.555170 ], [ 106.541089, -5.555265 ], [ 106.541189, -5.555337 ], [ 106.541252, -5.555439 ], [ 106.541316, -5.555469 ], [ 106.541455, -5.555433 ], [ 106.541527, -5.555398 ], [ 106.541712, -5.555412 ], [ 106.541805, -5.555469 ], [ 106.542034, -5.555448 ], [ 106.542312, -5.555351 ], [ 106.542473, -5.555294 ], [ 106.542559, -5.555322 ], [ 106.542650, -5.555351 ], [ 106.542769, -5.555313 ], [ 106.542845, -5.555237 ], [ 106.542954, -5.555189 ], [ 106.543216, -5.555122 ], [ 106.543456, -5.555037 ], [ 106.543492, -5.555006 ], [ 106.543587, -5.554908 ], [ 106.543635, -5.554823 ], [ 106.543739, -5.554727 ], [ 106.543925, -5.554489 ], [ 106.544125, -5.554280 ], [ 106.544377, -5.554090 ], [ 106.544482, -5.554033 ], [ 106.544539, -5.554071 ], [ 106.544620, -5.554099 ], [ 106.544682, -5.554052 ], [ 106.544686, -5.553985 ], [ 106.544658, -5.553918 ], [ 106.544639, -5.553857 ], [ 106.544691, -5.553795 ], [ 106.544820, -5.553714 ], [ 106.545043, -5.553585 ], [ 106.545115, -5.553457 ], [ 106.545181, -5.553376 ], [ 106.545291, -5.553319 ], [ 106.545353, -5.553186 ], [ 106.545353, -5.553109 ], [ 106.545348, -5.552986 ], [ 106.545338, -5.552929 ], [ 106.545357, -5.552838 ], [ 106.545404, -5.552712 ], [ 106.545457, -5.552567 ], [ 106.545483, -5.552530 ], [ 106.545514, -5.552486 ], [ 106.545571, -5.552453 ], [ 106.545610, -5.552376 ], [ 106.545624, -5.552286 ], [ 106.545610, -5.552224 ], [ 106.545624, -5.552162 ], [ 106.545686, -5.552043 ], [ 106.545686, -5.551957 ], [ 106.545686, -5.551955 ], [ 106.545686, -5.551953 ], [ 106.545627, -5.551878 ], [ 106.545271, -5.551750 ], [ 106.545016, -5.551693 ], [ 106.544972, -5.551666 ], [ 106.544792, -5.551623 ], [ 106.544677, -5.551618 ], [ 106.544463, -5.551648 ], [ 106.544296, -5.551663 ], [ 106.544187, -5.551644 ], [ 106.544075, -5.551616 ], [ 106.543444, -5.551580 ], [ 106.543194, -5.551604 ], [ 106.542754, -5.551759 ], [ 106.542409, -5.551866 ], [ 106.542108, -5.552016 ], [ 106.542017, -5.552143 ] ], [ [ 106.532539, -5.554136 ], [ 106.532518, -5.554135 ], [ 106.532317, -5.554183 ], [ 106.532164, -5.554180 ], [ 106.532042, -5.554228 ], [ 106.531929, -5.554293 ], [ 106.531745, -5.554418 ], [ 106.531500, -5.554562 ], [ 106.531375, -5.554640 ], [ 106.531328, -5.554630 ], [ 106.531296, -5.554605 ], [ 106.531239, -5.554572 ], [ 106.531180, -5.554590 ], [ 106.530965, -5.554739 ], [ 106.530763, -5.554876 ], [ 106.530609, -5.555025 ], [ 106.530490, -5.555138 ], [ 106.530371, -5.555251 ], [ 106.530344, -5.555328 ], [ 106.530341, -5.555419 ], [ 106.530388, -5.555668 ], [ 106.530389, -5.555676 ], [ 106.530393, -5.555694 ], [ 106.530411, -5.555737 ], [ 106.530426, -5.555773 ], [ 106.530440, -5.555823 ], [ 106.530479, -5.555968 ], [ 106.530493, -5.556050 ], [ 106.530537, -5.556185 ], [ 106.530567, -5.556238 ], [ 106.530668, -5.556325 ], [ 106.530804, -5.556382 ], [ 106.530907, -5.556396 ], [ 106.530957, -5.556354 ], [ 106.531054, -5.556318 ], [ 106.531139, -5.556325 ], [ 106.531352, -5.556357 ], [ 106.531447, -5.556357 ], [ 106.531486, -5.556374 ], [ 106.531565, -5.556382 ], [ 106.531639, -5.556368 ], [ 106.531710, -5.556332 ], [ 106.531839, -5.556254 ], [ 106.531983, -5.556179 ], [ 106.532066, -5.556137 ], [ 106.532132, -5.556029 ], [ 106.532239, -5.555936 ], [ 106.532363, -5.555822 ], [ 106.532424, -5.555700 ], [ 106.532535, -5.555533 ], [ 106.532654, -5.555337 ], [ 106.532693, -5.555252 ], [ 106.532744, -5.555081 ], [ 106.532754, -5.554890 ], [ 106.532750, -5.554709 ], [ 106.532768, -5.554525 ], [ 106.532759, -5.554436 ], [ 106.532722, -5.554296 ], [ 106.532696, -5.554248 ], [ 106.532616, -5.554169 ], [ 106.532563, -5.554137 ], [ 106.532539, -5.554136 ] ], [ [ 106.526717, -5.556624 ], [ 106.526527, -5.556700 ], [ 106.526374, -5.556719 ], [ 106.526308, -5.556681 ], [ 106.526222, -5.556680 ], [ 106.526136, -5.556787 ], [ 106.526065, -5.556851 ], [ 106.525926, -5.556962 ], [ 106.525804, -5.557090 ], [ 106.525715, -5.557322 ], [ 106.525648, -5.557419 ], [ 106.525647, -5.557420 ], [ 106.525615, -5.557465 ], [ 106.525522, -5.557686 ], [ 106.525515, -5.557836 ], [ 106.525530, -5.557936 ], [ 106.525629, -5.558007 ], [ 106.525815, -5.558050 ], [ 106.525972, -5.558000 ], [ 106.526143, -5.557972 ], [ 106.526393, -5.557922 ], [ 106.526650, -5.557893 ], [ 106.526829, -5.557865 ], [ 106.526947, -5.557836 ], [ 106.527145, -5.557813 ], [ 106.527288, -5.557790 ], [ 106.527345, -5.557747 ], [ 106.527407, -5.557718 ], [ 106.527612, -5.557690 ], [ 106.527740, -5.557661 ], [ 106.527869, -5.557575 ], [ 106.527935, -5.557471 ], [ 106.527959, -5.557333 ], [ 106.527997, -5.557271 ], [ 106.528026, -5.557195 ], [ 106.528002, -5.557071 ], [ 106.527916, -5.556923 ], [ 106.527792, -5.556777 ], [ 106.527790, -5.556775 ], [ 106.527783, -5.556766 ], [ 106.527702, -5.556666 ], [ 106.527621, -5.556628 ], [ 106.527540, -5.556628 ], [ 106.527488, -5.556652 ], [ 106.527436, -5.556657 ], [ 106.527307, -5.556662 ], [ 106.527088, -5.556690 ], [ 106.526979, -5.556662 ], [ 106.526903, -5.556628 ], [ 106.526717, -5.556624 ] ], [ [ 106.565662, -5.566650 ], [ 106.565792, -5.566651 ], [ 106.565930, -5.566631 ], [ 106.565937, -5.566630 ], [ 106.565960, -5.566625 ], [ 106.566059, -5.566564 ], [ 106.566151, -5.566455 ], [ 106.566151, -5.566455 ], [ 106.566173, -5.566415 ], [ 106.566204, -5.566367 ], [ 106.566227, -5.566331 ], [ 106.566227, -5.566331 ], [ 106.566250, -5.566309 ], [ 106.566372, -5.566267 ], [ 106.566391, -5.566265 ], [ 106.566441, -5.566259 ], [ 106.566456, -5.566137 ], [ 106.566441, -5.565876 ], [ 106.566430, -5.565850 ], [ 106.566425, -5.565838 ], [ 106.566425, -5.565838 ], [ 106.566273, -5.565824 ], [ 106.566215, -5.565810 ], [ 106.566204, -5.565807 ], [ 106.566143, -5.565763 ], [ 106.566125, -5.565748 ], [ 106.566097, -5.565724 ], [ 106.566042, -5.565702 ], [ 106.565952, -5.565667 ], [ 106.565894, -5.565665 ], [ 106.565785, -5.565660 ], [ 106.565701, -5.565668 ], [ 106.565665, -5.565684 ], [ 106.565640, -5.565695 ], [ 106.565630, -5.565756 ], [ 106.565630, -5.565756 ], [ 106.565616, -5.565843 ], [ 106.565613, -5.565948 ], [ 106.565610, -5.566094 ], [ 106.565604, -5.566124 ], [ 106.565601, -5.566138 ], [ 106.565590, -5.566245 ], [ 106.565586, -5.566284 ], [ 106.565575, -5.566383 ], [ 106.565571, -5.566419 ], [ 106.565571, -5.566473 ], [ 106.565579, -5.566564 ], [ 106.565585, -5.566595 ], [ 106.565586, -5.566602 ], [ 106.565586, -5.566602 ], [ 106.565624, -5.566640 ], [ 106.565650, -5.566647 ], [ 106.565650, -5.566647 ], [ 106.565662, -5.566650 ] ], [ [ 106.527575, -5.570735 ], [ 106.527764, -5.570740 ], [ 106.528086, -5.570633 ], [ 106.528371, -5.570490 ], [ 106.528453, -5.570433 ], [ 106.528545, -5.570289 ], [ 106.528659, -5.570168 ], [ 106.528766, -5.570025 ], [ 106.528856, -5.569953 ], [ 106.528952, -5.569828 ], [ 106.529031, -5.569664 ], [ 106.529120, -5.569550 ], [ 106.529213, -5.569436 ], [ 106.529334, -5.569236 ], [ 106.529416, -5.569043 ], [ 106.529466, -5.568843 ], [ 106.529495, -5.568758 ], [ 106.529552, -5.568601 ], [ 106.529561, -5.568343 ], [ 106.529513, -5.568206 ], [ 106.529482, -5.568149 ], [ 106.529448, -5.568087 ], [ 106.529334, -5.567947 ], [ 106.529122, -5.567856 ], [ 106.528977, -5.567829 ], [ 106.528823, -5.567837 ], [ 106.528562, -5.567813 ], [ 106.528365, -5.567807 ], [ 106.527609, -5.567728 ], [ 106.527202, -5.567660 ], [ 106.527086, -5.567635 ], [ 106.527010, -5.567635 ], [ 106.526896, -5.567676 ], [ 106.526835, -5.567676 ], [ 106.526634, -5.567611 ], [ 106.526444, -5.567587 ], [ 106.526301, -5.567564 ], [ 106.526065, -5.567540 ], [ 106.525897, -5.567540 ], [ 106.525778, -5.567558 ], [ 106.525597, -5.567623 ], [ 106.525486, -5.567626 ], [ 106.525369, -5.567598 ], [ 106.525226, -5.567530 ], [ 106.525087, -5.567437 ], [ 106.525050, -5.567419 ], [ 106.525022, -5.567405 ], [ 106.525001, -5.567448 ], [ 106.525019, -5.567519 ], [ 106.525023, -5.567523 ], [ 106.525024, -5.567523 ], [ 106.525156, -5.567648 ], [ 106.525225, -5.567780 ], [ 106.525222, -5.568188 ], [ 106.525261, -5.568368 ], [ 106.525264, -5.568375 ], [ 106.525265, -5.568377 ], [ 106.525379, -5.568654 ], [ 106.525610, -5.568965 ], [ 106.525796, -5.569201 ], [ 106.525861, -5.569239 ], [ 106.526196, -5.569524 ], [ 106.526318, -5.569724 ], [ 106.526547, -5.569931 ], [ 106.526766, -5.570179 ], [ 106.526994, -5.570350 ], [ 106.527147, -5.570531 ], [ 106.527242, -5.570603 ], [ 106.527480, -5.570723 ], [ 106.527575, -5.570735 ] ], [ [ 106.549474, -5.570699 ], [ 106.549561, -5.570874 ], [ 106.549646, -5.570921 ], [ 106.549718, -5.570917 ], [ 106.549765, -5.570940 ], [ 106.549889, -5.571007 ], [ 106.550003, -5.571036 ], [ 106.550155, -5.571064 ], [ 106.550393, -5.571050 ], [ 106.550565, -5.570959 ], [ 106.550736, -5.570840 ], [ 106.550926, -5.570726 ], [ 106.551064, -5.570641 ], [ 106.551183, -5.570493 ], [ 106.551283, -5.570331 ], [ 106.551307, -5.570246 ], [ 106.551388, -5.570203 ], [ 106.551497, -5.570041 ], [ 106.551555, -5.569831 ], [ 106.551593, -5.569632 ], [ 106.551574, -5.569498 ], [ 106.551474, -5.569356 ], [ 106.551438, -5.569332 ], [ 106.551283, -5.569227 ], [ 106.551083, -5.569170 ], [ 106.550831, -5.569127 ], [ 106.550646, -5.569175 ], [ 106.550398, -5.569227 ], [ 106.550208, -5.569260 ], [ 106.550079, -5.569284 ], [ 106.549970, -5.569413 ], [ 106.549810, -5.569556 ], [ 106.549708, -5.569613 ], [ 106.549646, -5.569651 ], [ 106.549646, -5.569722 ], [ 106.549646, -5.569798 ], [ 106.549589, -5.569879 ], [ 106.549532, -5.570012 ], [ 106.549478, -5.570097 ], [ 106.549465, -5.570117 ], [ 106.549446, -5.570193 ], [ 106.549427, -5.570307 ], [ 106.549423, -5.570479 ], [ 106.549474, -5.570699 ] ], [ [ 106.583923, -5.570862 ], [ 106.583967, -5.571063 ], [ 106.584062, -5.571301 ], [ 106.584122, -5.571335 ], [ 106.584158, -5.571382 ], [ 106.584204, -5.571400 ], [ 106.584315, -5.571424 ], [ 106.584397, -5.571489 ], [ 106.584493, -5.571624 ], [ 106.584507, -5.571671 ], [ 106.584468, -5.571774 ], [ 106.584518, -5.571803 ], [ 106.584647, -5.571596 ], [ 106.584718, -5.571464 ], [ 106.584754, -5.571417 ], [ 106.584807, -5.571396 ], [ 106.584882, -5.571375 ], [ 106.585000, -5.571317 ], [ 106.585121, -5.571232 ], [ 106.585214, -5.571128 ], [ 106.585328, -5.571046 ], [ 106.585382, -5.570961 ], [ 106.585403, -5.570821 ], [ 106.585432, -5.570447 ], [ 106.585478, -5.570222 ], [ 106.585485, -5.570136 ], [ 106.585446, -5.569804 ], [ 106.585432, -5.569703 ], [ 106.585431, -5.569694 ], [ 106.585417, -5.569601 ], [ 106.585389, -5.569472 ], [ 106.585361, -5.569405 ], [ 106.585323, -5.569349 ], [ 106.585263, -5.569302 ], [ 106.585145, -5.569259 ], [ 106.585085, -5.569263 ], [ 106.584997, -5.569308 ], [ 106.584871, -5.569409 ], [ 106.584696, -5.569595 ], [ 106.584602, -5.569683 ], [ 106.584529, -5.569718 ], [ 106.584424, -5.569773 ], [ 106.584287, -5.569898 ], [ 106.584175, -5.570082 ], [ 106.584122, -5.570271 ], [ 106.584056, -5.570442 ], [ 106.584043, -5.570475 ], [ 106.583972, -5.570671 ], [ 106.583923, -5.570862 ] ], [ [ 106.557373, -5.571019 ], [ 106.557155, -5.570990 ], [ 106.556850, -5.571038 ], [ 106.556763, -5.571044 ], [ 106.556530, -5.571075 ], [ 106.556384, -5.571123 ], [ 106.556022, -5.571161 ], [ 106.555841, -5.571285 ], [ 106.555670, -5.571456 ], [ 106.555595, -5.571618 ], [ 106.555595, -5.571618 ], [ 106.555546, -5.571723 ], [ 106.555565, -5.572123 ], [ 106.555601, -5.572148 ], [ 106.555861, -5.572354 ], [ 106.556107, -5.572439 ], [ 106.556788, -5.572606 ], [ 106.556860, -5.572618 ], [ 106.557088, -5.572646 ], [ 106.557255, -5.572694 ], [ 106.557408, -5.572662 ], [ 106.557560, -5.572686 ], [ 106.557884, -5.572738 ], [ 106.557980, -5.572769 ], [ 106.558564, -5.572809 ], [ 106.559049, -5.572799 ], [ 106.559229, -5.572722 ], [ 106.559281, -5.572704 ], [ 106.559464, -5.572581 ], [ 106.559629, -5.572389 ], [ 106.559730, -5.572290 ], [ 106.559790, -5.572198 ], [ 106.559811, -5.572143 ], [ 106.559811, -5.572038 ], [ 106.559805, -5.571872 ], [ 106.559781, -5.571818 ], [ 106.559693, -5.571685 ], [ 106.559692, -5.571684 ], [ 106.559689, -5.571679 ], [ 106.559686, -5.571675 ], [ 106.559420, -5.571556 ], [ 106.559353, -5.571504 ], [ 106.559239, -5.571418 ], [ 106.558996, -5.571309 ], [ 106.558868, -5.571285 ], [ 106.558573, -5.571276 ], [ 106.558354, -5.571209 ], [ 106.558154, -5.571171 ], [ 106.557926, -5.571066 ], [ 106.557678, -5.571028 ], [ 106.557373, -5.571019 ] ], [ [ 106.543107, -5.572695 ], [ 106.543185, -5.572672 ], [ 106.543260, -5.572429 ], [ 106.543276, -5.572374 ], [ 106.543261, -5.572300 ], [ 106.543245, -5.572229 ], [ 106.543265, -5.572140 ], [ 106.543269, -5.572123 ], [ 106.543350, -5.571772 ], [ 106.543388, -5.571662 ], [ 106.543390, -5.571657 ], [ 106.543395, -5.571644 ], [ 106.543393, -5.571635 ], [ 106.543393, -5.571630 ], [ 106.543361, -5.571398 ], [ 106.543294, -5.571213 ], [ 106.543078, -5.571010 ], [ 106.542909, -5.570815 ], [ 106.542843, -5.570762 ], [ 106.542717, -5.570711 ], [ 106.542540, -5.570720 ], [ 106.542314, -5.570779 ], [ 106.542004, -5.570791 ], [ 106.541683, -5.570886 ], [ 106.541386, -5.570994 ], [ 106.541160, -5.571160 ], [ 106.540910, -5.571386 ], [ 106.540878, -5.571465 ], [ 106.540728, -5.571658 ], [ 106.540647, -5.571810 ], [ 106.540537, -5.572043 ], [ 106.540446, -5.572427 ], [ 106.540363, -5.572659 ], [ 106.540255, -5.572980 ], [ 106.540137, -5.573314 ], [ 106.539875, -5.573670 ], [ 106.539613, -5.574010 ], [ 106.539482, -5.574111 ], [ 106.539383, -5.574187 ], [ 106.539382, -5.574187 ], [ 106.539173, -5.574349 ], [ 106.539119, -5.574456 ], [ 106.539195, -5.574565 ], [ 106.539242, -5.574617 ], [ 106.539454, -5.574755 ], [ 106.539596, -5.574770 ], [ 106.539796, -5.574729 ], [ 106.540184, -5.574676 ], [ 106.540303, -5.574682 ], [ 106.540505, -5.574664 ], [ 106.540642, -5.574589 ], [ 106.541076, -5.574512 ], [ 106.541255, -5.574444 ], [ 106.541517, -5.574313 ], [ 106.541600, -5.574202 ], [ 106.541731, -5.574117 ], [ 106.541803, -5.574009 ], [ 106.541989, -5.573847 ], [ 106.542051, -5.573723 ], [ 106.542198, -5.573542 ], [ 106.542469, -5.573323 ], [ 106.542741, -5.573133 ], [ 106.542893, -5.573009 ], [ 106.543031, -5.572771 ], [ 106.543107, -5.572695 ] ], [ [ 106.580404, -5.574507 ], [ 106.580262, -5.574745 ], [ 106.580254, -5.574840 ], [ 106.580250, -5.574893 ], [ 106.580194, -5.575145 ], [ 106.580194, -5.575147 ], [ 106.580193, -5.575151 ], [ 106.580073, -5.575478 ], [ 106.579940, -5.575768 ], [ 106.579871, -5.575911 ], [ 106.579869, -5.575915 ], [ 106.579786, -5.576089 ], [ 106.579809, -5.576458 ], [ 106.579893, -5.576779 ], [ 106.580095, -5.577112 ], [ 106.580234, -5.577182 ], [ 106.580323, -5.577229 ], [ 106.580412, -5.577225 ], [ 106.580452, -5.577182 ], [ 106.580501, -5.577158 ], [ 106.580609, -5.577140 ], [ 106.580737, -5.577129 ], [ 106.580801, -5.577133 ], [ 106.580837, -5.577104 ], [ 106.580933, -5.577033 ], [ 106.580994, -5.576965 ], [ 106.581058, -5.576929 ], [ 106.581130, -5.576911 ], [ 106.581219, -5.576872 ], [ 106.581290, -5.576801 ], [ 106.581380, -5.576733 ], [ 106.581451, -5.576708 ], [ 106.581504, -5.576690 ], [ 106.581537, -5.576661 ], [ 106.581544, -5.576615 ], [ 106.581597, -5.576547 ], [ 106.581661, -5.576508 ], [ 106.581719, -5.576501 ], [ 106.581761, -5.576472 ], [ 106.581797, -5.576397 ], [ 106.581826, -5.576304 ], [ 106.581840, -5.576262 ], [ 106.581890, -5.576237 ], [ 106.581958, -5.576233 ], [ 106.582051, -5.576155 ], [ 106.582100, -5.576097 ], [ 106.582168, -5.576058 ], [ 106.582233, -5.575998 ], [ 106.582304, -5.575898 ], [ 106.582336, -5.575840 ], [ 106.582318, -5.575780 ], [ 106.582314, -5.575744 ], [ 106.582308, -5.575687 ], [ 106.582250, -5.575601 ], [ 106.582215, -5.575505 ], [ 106.582165, -5.575337 ], [ 106.582161, -5.575255 ], [ 106.582161, -5.575171 ], [ 106.582129, -5.575113 ], [ 106.582061, -5.575051 ], [ 106.581951, -5.575012 ], [ 106.581851, -5.574948 ], [ 106.581640, -5.574745 ], [ 106.581505, -5.574530 ], [ 106.581439, -5.574471 ], [ 106.581213, -5.574316 ], [ 106.581035, -5.574257 ], [ 106.580941, -5.574244 ], [ 106.580776, -5.574295 ], [ 106.580453, -5.574460 ], [ 106.580404, -5.574507 ] ], [ [ 106.548554, -5.583639 ], [ 106.548725, -5.583724 ], [ 106.548973, -5.583724 ], [ 106.549153, -5.583629 ], [ 106.549239, -5.583458 ], [ 106.549410, -5.583286 ], [ 106.549563, -5.583163 ], [ 106.549715, -5.583029 ], [ 106.549858, -5.582810 ], [ 106.550029, -5.582487 ], [ 106.550086, -5.582239 ], [ 106.550058, -5.581840 ], [ 106.550076, -5.581561 ], [ 106.550067, -5.581380 ], [ 106.550061, -5.581213 ], [ 106.550060, -5.581181 ], [ 106.550057, -5.581104 ], [ 106.550066, -5.581069 ], [ 106.550069, -5.581057 ], [ 106.550124, -5.580838 ], [ 106.550267, -5.580552 ], [ 106.550314, -5.580362 ], [ 106.550314, -5.580143 ], [ 106.550286, -5.579924 ], [ 106.550296, -5.579831 ], [ 106.550314, -5.579648 ], [ 106.550335, -5.579626 ], [ 106.550514, -5.579429 ], [ 106.550800, -5.579210 ], [ 106.551028, -5.579010 ], [ 106.551057, -5.578906 ], [ 106.551047, -5.578573 ], [ 106.551066, -5.578382 ], [ 106.551200, -5.578201 ], [ 106.551214, -5.578082 ], [ 106.551195, -5.577866 ], [ 106.551161, -5.577769 ], [ 106.551127, -5.577719 ], [ 106.551070, -5.577634 ], [ 106.551013, -5.577512 ], [ 106.550985, -5.577378 ], [ 106.550924, -5.577307 ], [ 106.550719, -5.577385 ], [ 106.550319, -5.577499 ], [ 106.549548, -5.577827 ], [ 106.549263, -5.578013 ], [ 106.548920, -5.578241 ], [ 106.548592, -5.578498 ], [ 106.548327, -5.578731 ], [ 106.548051, -5.579095 ], [ 106.548021, -5.579141 ], [ 106.547821, -5.579455 ], [ 106.547749, -5.579755 ], [ 106.547521, -5.580055 ], [ 106.547307, -5.580226 ], [ 106.547207, -5.580440 ], [ 106.547133, -5.580701 ], [ 106.547078, -5.580897 ], [ 106.547050, -5.581354 ], [ 106.547093, -5.581825 ], [ 106.547250, -5.582267 ], [ 106.547378, -5.582682 ], [ 106.547578, -5.583110 ], [ 106.547659, -5.583324 ], [ 106.547907, -5.583420 ], [ 106.548068, -5.583477 ], [ 106.548306, -5.583543 ], [ 106.548554, -5.583639 ] ], [ [ 106.595256, -5.579007 ], [ 106.595006, -5.579030 ], [ 106.594614, -5.579019 ], [ 106.594402, -5.579026 ], [ 106.594188, -5.579080 ], [ 106.593981, -5.579152 ], [ 106.593746, -5.579237 ], [ 106.593514, -5.579337 ], [ 106.593306, -5.579452 ], [ 106.593085, -5.579584 ], [ 106.592907, -5.579709 ], [ 106.592818, -5.579744 ], [ 106.592728, -5.579765 ], [ 106.592727, -5.579765 ], [ 106.592725, -5.579766 ], [ 106.592657, -5.579833 ], [ 106.592618, -5.579908 ], [ 106.592621, -5.579983 ], [ 106.592650, -5.580044 ], [ 106.592650, -5.580123 ], [ 106.592632, -5.580265 ], [ 106.592625, -5.580487 ], [ 106.592635, -5.580651 ], [ 106.592660, -5.580747 ], [ 106.592715, -5.580819 ], [ 106.592967, -5.580911 ], [ 106.593103, -5.580954 ], [ 106.593192, -5.581018 ], [ 106.593250, -5.581080 ], [ 106.593292, -5.581086 ], [ 106.593483, -5.581005 ], [ 106.593577, -5.580978 ], [ 106.594017, -5.580961 ], [ 106.594228, -5.580927 ], [ 106.594578, -5.580946 ], [ 106.594909, -5.580965 ], [ 106.595134, -5.581029 ], [ 106.595402, -5.581115 ], [ 106.595577, -5.581158 ], [ 106.595719, -5.581133 ], [ 106.595812, -5.581086 ], [ 106.595919, -5.581018 ], [ 106.595989, -5.581018 ], [ 106.596037, -5.581047 ], [ 106.596069, -5.581076 ], [ 106.596087, -5.581036 ], [ 106.596080, -5.580954 ], [ 106.596073, -5.580861 ], [ 106.596130, -5.580826 ], [ 106.596305, -5.580662 ], [ 106.596529, -5.580411 ], [ 106.596505, -5.580089 ], [ 106.596484, -5.580047 ], [ 106.596315, -5.579720 ], [ 106.596041, -5.579483 ], [ 106.595768, -5.579304 ], [ 106.595494, -5.579102 ], [ 106.595256, -5.579007 ] ], [ [ 106.567991, -5.583354 ], [ 106.568148, -5.583411 ], [ 106.568276, -5.583387 ], [ 106.568363, -5.583331 ], [ 106.568459, -5.583328 ], [ 106.568591, -5.583339 ], [ 106.568752, -5.583328 ], [ 106.568919, -5.583264 ], [ 106.568998, -5.583217 ], [ 106.569051, -5.583203 ], [ 106.569134, -5.583223 ], [ 106.569269, -5.583190 ], [ 106.569447, -5.583126 ], [ 106.569564, -5.583075 ], [ 106.569797, -5.582990 ], [ 106.570083, -5.582861 ], [ 106.570172, -5.582777 ], [ 106.570404, -5.582604 ], [ 106.570511, -5.582504 ], [ 106.570547, -5.582474 ], [ 106.570663, -5.582323 ], [ 106.570690, -5.582250 ], [ 106.570684, -5.582190 ], [ 106.570541, -5.582130 ], [ 106.570461, -5.582123 ], [ 106.570361, -5.582133 ], [ 106.570184, -5.582099 ], [ 106.570181, -5.582099 ], [ 106.570175, -5.582098 ], [ 106.569612, -5.582219 ], [ 106.569447, -5.582219 ], [ 106.569176, -5.582247 ], [ 106.568352, -5.582357 ], [ 106.567927, -5.582497 ], [ 106.567659, -5.582585 ], [ 106.567545, -5.582632 ], [ 106.567501, -5.582663 ], [ 106.567520, -5.582721 ], [ 106.567520, -5.582728 ], [ 106.567519, -5.582729 ], [ 106.567517, -5.582760 ], [ 106.567467, -5.582796 ], [ 106.567395, -5.582821 ], [ 106.567288, -5.582867 ], [ 106.567235, -5.582907 ], [ 106.567238, -5.582953 ], [ 106.567306, -5.583007 ], [ 106.567413, -5.583071 ], [ 106.567524, -5.583142 ], [ 106.567670, -5.583240 ], [ 106.567806, -5.583297 ], [ 106.567991, -5.583354 ] ], [ [ 106.591650, -5.583636 ], [ 106.591445, -5.583760 ], [ 106.591076, -5.583946 ], [ 106.591035, -5.583967 ], [ 106.590872, -5.584098 ], [ 106.590830, -5.584132 ], [ 106.590522, -5.584277 ], [ 106.590214, -5.584422 ], [ 106.590150, -5.584457 ], [ 106.589948, -5.584567 ], [ 106.589845, -5.584618 ], [ 106.589784, -5.584649 ], [ 106.589496, -5.584794 ], [ 106.589326, -5.584927 ], [ 106.589325, -5.584927 ], [ 106.589230, -5.585001 ], [ 106.589136, -5.585095 ], [ 106.588943, -5.585289 ], [ 106.588185, -5.586011 ], [ 106.588186, -5.586185 ], [ 106.588186, -5.586279 ], [ 106.588196, -5.586315 ], [ 106.588196, -5.586315 ], [ 106.588227, -5.586423 ], [ 106.588248, -5.586505 ], [ 106.588248, -5.586505 ], [ 106.588365, -5.586577 ], [ 106.588365, -5.586577 ], [ 106.588294, -5.586659 ], [ 106.588243, -5.586746 ], [ 106.588271, -5.586842 ], [ 106.588314, -5.586946 ], [ 106.588357, -5.587043 ], [ 106.588214, -5.587164 ], [ 106.588147, -5.587153 ], [ 106.588079, -5.587096 ], [ 106.588025, -5.587082 ], [ 106.587954, -5.587146 ], [ 106.587872, -5.587271 ], [ 106.587943, -5.587364 ], [ 106.588100, -5.587300 ], [ 106.588132, -5.587332 ], [ 106.588229, -5.587264 ], [ 106.588204, -5.587235 ], [ 106.588359, -5.587127 ], [ 106.588525, -5.587282 ], [ 106.588332, -5.587439 ], [ 106.588361, -5.587475 ], [ 106.588646, -5.587267 ], [ 106.588725, -5.587364 ], [ 106.588598, -5.587406 ], [ 106.588539, -5.587464 ], [ 106.588461, -5.587535 ], [ 106.588514, -5.587682 ], [ 106.588628, -5.587624 ], [ 106.588728, -5.587596 ], [ 106.588828, -5.587607 ], [ 106.588935, -5.587610 ], [ 106.589025, -5.587605 ], [ 106.589150, -5.587627 ], [ 106.589235, -5.587639 ], [ 106.589297, -5.587743 ], [ 106.589328, -5.587768 ], [ 106.589396, -5.587763 ], [ 106.589458, -5.587746 ], [ 106.589467, -5.587696 ], [ 106.589482, -5.587660 ], [ 106.589553, -5.587674 ], [ 106.589756, -5.587703 ], [ 106.589813, -5.587724 ], [ 106.589864, -5.587796 ], [ 106.589918, -5.587827 ], [ 106.590037, -5.587802 ], [ 106.590209, -5.587742 ], [ 106.590471, -5.587683 ], [ 106.590580, -5.587599 ], [ 106.590691, -5.587564 ], [ 106.590757, -5.587564 ], [ 106.590910, -5.587512 ], [ 106.590970, -5.587446 ], [ 106.591100, -5.587362 ], [ 106.591212, -5.587326 ], [ 106.591268, -5.587326 ], [ 106.591399, -5.587278 ], [ 106.591601, -5.587135 ], [ 106.591752, -5.587029 ], [ 106.591894, -5.586800 ], [ 106.592037, -5.586589 ], [ 106.592151, -5.586461 ], [ 106.592235, -5.586346 ], [ 106.592263, -5.586271 ], [ 106.592251, -5.586161 ], [ 106.592262, -5.586033 ], [ 106.592383, -5.585765 ], [ 106.592433, -5.585633 ], [ 106.592451, -5.585429 ], [ 106.592455, -5.585180 ], [ 106.592455, -5.585179 ], [ 106.592455, -5.585179 ], [ 106.592454, -5.585179 ], [ 106.592455, -5.585178 ], [ 106.592455, -5.585177 ], [ 106.592455, -5.585177 ], [ 106.592455, -5.585174 ], [ 106.592455, -5.585148 ], [ 106.592455, -5.584998 ], [ 106.592458, -5.584995 ], [ 106.592465, -5.584987 ], [ 106.592483, -5.584937 ], [ 106.592444, -5.584898 ], [ 106.592444, -5.584893 ], [ 106.592434, -5.584807 ], [ 106.592392, -5.584519 ], [ 106.592371, -5.584313 ], [ 106.592333, -5.584176 ], [ 106.592308, -5.584087 ], [ 106.592281, -5.584019 ], [ 106.592226, -5.583881 ], [ 106.591979, -5.583635 ], [ 106.591876, -5.583594 ], [ 106.591650, -5.583636 ] ], [ [ 106.547953, -5.587858 ], [ 106.548103, -5.587737 ], [ 106.548221, -5.587598 ], [ 106.548248, -5.587518 ], [ 106.548239, -5.587357 ], [ 106.548236, -5.587185 ], [ 106.548199, -5.587096 ], [ 106.548198, -5.587092 ], [ 106.548195, -5.587085 ], [ 106.548194, -5.587084 ], [ 106.548084, -5.586950 ], [ 106.547998, -5.586866 ], [ 106.547897, -5.586819 ], [ 106.547831, -5.586810 ], [ 106.547772, -5.586825 ], [ 106.547715, -5.586849 ], [ 106.547632, -5.586843 ], [ 106.547535, -5.586809 ], [ 106.547417, -5.586795 ], [ 106.547217, -5.586745 ], [ 106.547110, -5.586745 ], [ 106.546968, -5.586802 ], [ 106.546732, -5.586766 ], [ 106.546561, -5.586673 ], [ 106.546332, -5.586616 ], [ 106.546154, -5.586623 ], [ 106.545975, -5.586659 ], [ 106.545618, -5.586616 ], [ 106.545568, -5.586570 ], [ 106.545309, -5.586545 ], [ 106.544923, -5.586515 ], [ 106.544755, -5.586566 ], [ 106.544515, -5.586673 ], [ 106.544390, -5.586697 ], [ 106.544314, -5.586749 ], [ 106.544295, -5.586762 ], [ 106.544215, -5.586878 ], [ 106.544200, -5.586982 ], [ 106.544238, -5.587179 ], [ 106.544289, -5.587372 ], [ 106.544391, -5.587501 ], [ 106.544569, -5.587708 ], [ 106.544840, -5.587844 ], [ 106.545012, -5.588023 ], [ 106.545154, -5.588108 ], [ 106.545361, -5.588237 ], [ 106.545540, -5.588372 ], [ 106.545733, -5.588458 ], [ 106.545833, -5.588537 ], [ 106.545915, -5.588562 ], [ 106.545993, -5.588550 ], [ 106.546097, -5.588535 ], [ 106.546225, -5.588568 ], [ 106.546314, -5.588618 ], [ 106.546391, -5.588674 ], [ 106.546451, -5.588685 ], [ 106.546609, -5.588657 ], [ 106.546778, -5.588651 ], [ 106.546860, -5.588622 ], [ 106.546889, -5.588617 ], [ 106.547037, -5.588564 ], [ 106.547109, -5.588525 ], [ 106.547210, -5.588443 ], [ 106.547254, -5.588425 ], [ 106.547284, -5.588458 ], [ 106.547326, -5.588481 ], [ 106.547439, -5.588415 ], [ 106.547603, -5.588280 ], [ 106.547639, -5.588242 ], [ 106.547644, -5.588187 ], [ 106.547653, -5.588142 ], [ 106.547730, -5.588026 ], [ 106.547825, -5.587925 ], [ 106.547870, -5.587910 ], [ 106.547914, -5.587910 ], [ 106.547953, -5.587858 ] ], [ [ 106.552061, -5.583903 ], [ 106.551968, -5.583885 ], [ 106.551882, -5.583903 ], [ 106.551775, -5.583960 ], [ 106.551751, -5.583976 ], [ 106.551750, -5.583977 ], [ 106.551650, -5.584042 ], [ 106.551572, -5.584124 ], [ 106.551511, -5.584210 ], [ 106.551461, -5.584267 ], [ 106.551404, -5.584296 ], [ 106.551357, -5.584314 ], [ 106.551333, -5.584324 ], [ 106.551276, -5.584374 ], [ 106.551233, -5.584435 ], [ 106.551247, -5.584481 ], [ 106.551286, -5.584485 ], [ 106.551347, -5.584467 ], [ 106.551397, -5.584456 ], [ 106.551404, -5.584496 ], [ 106.551401, -5.584578 ], [ 106.551411, -5.584628 ], [ 106.551479, -5.584703 ], [ 106.551572, -5.584717 ], [ 106.551643, -5.584678 ], [ 106.551747, -5.584606 ], [ 106.551861, -5.584517 ], [ 106.552018, -5.584421 ], [ 106.552107, -5.584335 ], [ 106.552204, -5.584271 ], [ 106.552246, -5.584221 ], [ 106.552257, -5.584106 ], [ 106.552225, -5.584003 ], [ 106.552164, -5.583932 ], [ 106.552061, -5.583903 ] ], [ [ 106.552652, -5.589548 ], [ 106.552588, -5.589570 ], [ 106.552463, -5.589548 ], [ 106.552338, -5.589577 ], [ 106.552092, -5.589662 ], [ 106.551874, -5.589694 ], [ 106.551717, -5.589780 ], [ 106.551599, -5.589805 ], [ 106.551514, -5.589848 ], [ 106.551464, -5.589905 ], [ 106.551414, -5.589919 ], [ 106.551346, -5.589905 ], [ 106.551260, -5.589848 ], [ 106.551236, -5.589820 ], [ 106.551153, -5.589727 ], [ 106.550900, -5.589852 ], [ 106.551117, -5.590258 ], [ 106.551092, -5.590362 ], [ 106.551030, -5.590468 ], [ 106.550997, -5.590568 ], [ 106.551010, -5.590665 ], [ 106.551042, -5.590747 ], [ 106.551092, -5.590822 ], [ 106.551287, -5.590877 ], [ 106.551515, -5.590915 ], [ 106.551668, -5.590820 ], [ 106.551748, -5.590812 ], [ 106.551981, -5.590819 ], [ 106.552272, -5.590735 ], [ 106.552581, -5.590687 ], [ 106.552971, -5.590620 ], [ 106.553080, -5.590555 ], [ 106.553220, -5.590512 ], [ 106.553381, -5.590506 ], [ 106.553656, -5.590423 ], [ 106.553644, -5.590366 ], [ 106.553727, -5.590355 ], [ 106.553809, -5.590326 ], [ 106.553925, -5.590335 ], [ 106.553997, -5.590305 ], [ 106.554023, -5.590248 ], [ 106.554051, -5.590201 ], [ 106.554183, -5.590166 ], [ 106.554375, -5.590128 ], [ 106.554572, -5.590084 ], [ 106.554812, -5.590056 ], [ 106.554885, -5.590030 ], [ 106.555158, -5.589941 ], [ 106.555318, -5.589912 ], [ 106.555454, -5.589837 ], [ 106.555579, -5.589748 ], [ 106.555668, -5.589591 ], [ 106.555675, -5.589484 ], [ 106.555649, -5.589392 ], [ 106.555643, -5.589373 ], [ 106.555533, -5.589280 ], [ 106.555393, -5.589152 ], [ 106.555356, -5.589080 ], [ 106.555258, -5.589031 ], [ 106.555029, -5.588974 ], [ 106.554812, -5.588956 ], [ 106.554726, -5.588938 ], [ 106.554612, -5.588931 ], [ 106.554487, -5.588966 ], [ 106.554444, -5.589016 ], [ 106.554394, -5.589063 ], [ 106.554265, -5.589091 ], [ 106.554130, -5.589098 ], [ 106.554069, -5.589109 ], [ 106.554019, -5.589148 ], [ 106.553930, -5.589184 ], [ 106.553819, -5.589206 ], [ 106.553644, -5.589209 ], [ 106.553423, -5.589216 ], [ 106.553320, -5.589238 ], [ 106.553291, -5.589270 ], [ 106.553291, -5.589330 ], [ 106.553255, -5.589370 ], [ 106.553148, -5.589391 ], [ 106.552941, -5.589434 ], [ 106.552681, -5.589498 ], [ 106.552652, -5.589548 ] ], [ [ 106.557984, -5.590041 ], [ 106.557919, -5.590070 ], [ 106.557866, -5.590073 ], [ 106.557798, -5.590045 ], [ 106.557737, -5.590045 ], [ 106.557712, -5.590080 ], [ 106.557737, -5.590127 ], [ 106.557719, -5.590180 ], [ 106.557673, -5.590191 ], [ 106.557634, -5.590223 ], [ 106.557603, -5.590250 ], [ 106.557580, -5.590269 ], [ 106.557455, -5.590330 ], [ 106.557359, -5.590369 ], [ 106.557302, -5.590426 ], [ 106.557302, -5.590487 ], [ 106.557373, -5.590541 ], [ 106.557416, -5.590562 ], [ 106.557477, -5.590623 ], [ 106.557541, -5.590651 ], [ 106.557605, -5.590694 ], [ 106.557627, -5.590769 ], [ 106.557687, -5.590808 ], [ 106.557902, -5.590908 ], [ 106.558091, -5.590987 ], [ 106.558208, -5.591008 ], [ 106.558287, -5.590983 ], [ 106.558398, -5.590905 ], [ 106.558526, -5.590762 ], [ 106.558590, -5.590687 ], [ 106.558640, -5.590666 ], [ 106.558665, -5.590619 ], [ 106.558669, -5.590573 ], [ 106.558676, -5.590509 ], [ 106.558687, -5.590387 ], [ 106.558676, -5.590273 ], [ 106.558626, -5.590191 ], [ 106.558591, -5.590163 ], [ 106.558562, -5.590141 ], [ 106.558587, -5.590094 ], [ 106.558540, -5.590066 ], [ 106.558501, -5.590102 ], [ 106.558437, -5.590073 ], [ 106.558316, -5.590030 ], [ 106.558126, -5.590009 ], [ 106.557984, -5.590041 ] ], [ [ 106.543007, -5.591148 ], [ 106.542921, -5.591194 ], [ 106.542860, -5.591202 ], [ 106.542800, -5.591180 ], [ 106.542700, -5.591191 ], [ 106.542496, -5.591266 ], [ 106.542357, -5.591290 ], [ 106.542317, -5.591309 ], [ 106.541975, -5.591581 ], [ 106.541794, -5.591789 ], [ 106.541716, -5.591903 ], [ 106.541716, -5.591903 ], [ 106.541673, -5.591966 ], [ 106.541595, -5.592245 ], [ 106.541602, -5.592275 ], [ 106.541620, -5.592345 ], [ 106.541686, -5.592401 ], [ 106.541815, -5.592444 ], [ 106.542007, -5.592497 ], [ 106.542096, -5.592519 ], [ 106.542125, -5.592572 ], [ 106.542157, -5.592619 ], [ 106.542232, -5.592640 ], [ 106.542346, -5.592666 ], [ 106.542452, -5.592701 ], [ 106.542596, -5.592704 ], [ 106.542834, -5.592731 ], [ 106.542945, -5.592722 ], [ 106.543000, -5.592707 ], [ 106.543164, -5.592711 ], [ 106.543359, -5.592670 ], [ 106.543402, -5.592675 ], [ 106.543491, -5.592656 ], [ 106.543745, -5.592523 ], [ 106.544145, -5.592323 ], [ 106.544188, -5.592301 ], [ 106.544224, -5.592233 ], [ 106.544213, -5.592158 ], [ 106.544213, -5.592073 ], [ 106.544186, -5.591963 ], [ 106.544163, -5.591935 ], [ 106.544045, -5.591795 ], [ 106.544008, -5.591740 ], [ 106.543892, -5.591633 ], [ 106.543763, -5.591476 ], [ 106.543703, -5.591405 ], [ 106.543667, -5.591316 ], [ 106.543649, -5.591227 ], [ 106.543596, -5.591170 ], [ 106.543438, -5.591130 ], [ 106.543231, -5.591081 ], [ 106.543088, -5.591091 ], [ 106.543007, -5.591148 ] ], [ [ 106.566774, -5.592526 ], [ 106.566860, -5.592755 ], [ 106.566945, -5.592888 ], [ 106.567009, -5.593079 ], [ 106.567182, -5.593182 ], [ 106.567357, -5.593431 ], [ 106.567510, -5.593575 ], [ 106.567634, -5.593670 ], [ 106.567777, -5.593789 ], [ 106.567926, -5.593925 ], [ 106.568268, -5.594030 ], [ 106.568582, -5.593944 ], [ 106.568868, -5.593811 ], [ 106.569172, -5.593611 ], [ 106.569287, -5.593492 ], [ 106.569306, -5.593379 ], [ 106.569354, -5.593289 ], [ 106.569419, -5.593254 ], [ 106.569529, -5.593231 ], [ 106.569658, -5.593088 ], [ 106.569739, -5.593018 ], [ 106.570032, -5.592516 ], [ 106.570171, -5.592179 ], [ 106.570177, -5.591960 ], [ 106.570130, -5.591875 ], [ 106.570096, -5.591812 ], [ 106.569953, -5.591641 ], [ 106.569677, -5.591489 ], [ 106.569401, -5.591441 ], [ 106.569144, -5.591422 ], [ 106.568687, -5.591413 ], [ 106.568354, -5.591432 ], [ 106.568068, -5.591527 ], [ 106.567802, -5.591594 ], [ 106.567593, -5.591741 ], [ 106.567488, -5.591784 ], [ 106.567269, -5.591898 ], [ 106.567098, -5.592060 ], [ 106.566969, -5.592176 ], [ 106.566968, -5.592178 ], [ 106.566888, -5.592250 ], [ 106.566774, -5.592526 ] ], [ [ 106.561680, -5.593875 ], [ 106.561775, -5.593762 ], [ 106.561870, -5.593690 ], [ 106.561942, -5.593702 ], [ 106.562049, -5.593750 ], [ 106.562180, -5.593791 ], [ 106.562233, -5.593756 ], [ 106.562221, -5.593655 ], [ 106.562156, -5.593589 ], [ 106.561924, -5.593470 ], [ 106.561906, -5.593387 ], [ 106.561948, -5.593244 ], [ 106.561912, -5.593155 ], [ 106.561842, -5.593113 ], [ 106.561841, -5.593112 ], [ 106.561763, -5.593066 ], [ 106.561549, -5.592970 ], [ 106.561371, -5.592947 ], [ 106.561258, -5.592935 ], [ 106.561026, -5.592792 ], [ 106.560942, -5.592685 ], [ 106.560799, -5.592608 ], [ 106.560681, -5.592569 ], [ 106.560681, -5.592569 ], [ 106.560597, -5.592542 ], [ 106.560514, -5.592542 ], [ 106.560474, -5.592560 ], [ 106.560449, -5.592572 ], [ 106.560335, -5.592661 ], [ 106.560157, -5.592762 ], [ 106.560074, -5.592828 ], [ 106.560062, -5.592905 ], [ 106.560026, -5.592959 ], [ 106.559949, -5.592970 ], [ 106.559860, -5.593000 ], [ 106.559729, -5.593048 ], [ 106.559681, -5.593101 ], [ 106.559616, -5.593173 ], [ 106.559544, -5.593220 ], [ 106.559431, -5.593244 ], [ 106.559350, -5.593311 ], [ 106.559312, -5.593375 ], [ 106.559223, -5.593512 ], [ 106.559092, -5.593678 ], [ 106.558926, -5.593940 ], [ 106.558819, -5.594047 ], [ 106.558717, -5.594071 ], [ 106.558664, -5.594119 ], [ 106.558652, -5.594196 ], [ 106.558604, -5.594285 ], [ 106.558462, -5.594404 ], [ 106.558289, -5.594469 ], [ 106.558123, -5.594511 ], [ 106.558016, -5.594583 ], [ 106.557789, -5.594696 ], [ 106.557653, -5.594749 ], [ 106.557592, -5.594827 ], [ 106.557594, -5.594890 ], [ 106.557540, -5.594979 ], [ 106.557374, -5.595158 ], [ 106.557100, -5.595360 ], [ 106.556955, -5.595450 ], [ 106.556814, -5.595538 ], [ 106.556743, -5.595540 ], [ 106.556677, -5.595487 ], [ 106.556635, -5.595540 ], [ 106.556665, -5.595606 ], [ 106.556748, -5.595653 ], [ 106.556841, -5.595718 ], [ 106.556867, -5.595897 ], [ 106.556861, -5.595998 ], [ 106.556945, -5.596038 ], [ 106.557136, -5.596062 ], [ 106.557255, -5.596026 ], [ 106.557742, -5.595931 ], [ 106.558200, -5.595707 ], [ 106.558836, -5.595546 ], [ 106.559218, -5.595443 ], [ 106.559503, -5.595372 ], [ 106.559801, -5.595324 ], [ 106.559842, -5.595253 ], [ 106.559991, -5.595122 ], [ 106.560098, -5.595062 ], [ 106.560166, -5.595027 ], [ 106.561074, -5.594521 ], [ 106.561181, -5.594456 ], [ 106.561277, -5.594399 ], [ 106.561558, -5.594156 ], [ 106.561614, -5.594047 ], [ 106.561680, -5.593875 ] ], [ [ 106.552421, -5.598115 ], [ 106.552354, -5.598236 ], [ 106.552332, -5.598286 ], [ 106.552325, -5.598333 ], [ 106.552343, -5.598383 ], [ 106.552411, -5.598432 ], [ 106.552479, -5.598468 ], [ 106.552511, -5.598529 ], [ 106.552496, -5.598579 ], [ 106.552471, -5.598618 ], [ 106.552489, -5.598657 ], [ 106.552539, -5.598675 ], [ 106.552611, -5.598661 ], [ 106.552682, -5.598636 ], [ 106.552768, -5.598582 ], [ 106.552800, -5.598497 ], [ 106.552828, -5.598415 ], [ 106.552889, -5.598333 ], [ 106.552889, -5.598233 ], [ 106.552875, -5.598168 ], [ 106.552853, -5.598115 ], [ 106.552810, -5.597968 ], [ 106.552788, -5.597901 ], [ 106.552782, -5.597883 ], [ 106.552700, -5.597861 ], [ 106.552639, -5.597872 ], [ 106.552571, -5.597915 ], [ 106.552511, -5.597990 ], [ 106.552487, -5.598023 ], [ 106.552486, -5.598025 ], [ 106.552421, -5.598115 ] ], [ [ 106.549743, -5.598237 ], [ 106.549582, -5.598199 ], [ 106.549325, -5.598218 ], [ 106.549087, -5.598256 ], [ 106.548858, -5.598275 ], [ 106.548736, -5.598318 ], [ 106.548735, -5.598319 ], [ 106.548682, -5.598337 ], [ 106.548611, -5.598404 ], [ 106.548577, -5.598547 ], [ 106.548611, -5.598694 ], [ 106.548768, -5.598870 ], [ 106.548953, -5.598946 ], [ 106.549201, -5.598946 ], [ 106.549553, -5.598904 ], [ 106.549781, -5.598870 ], [ 106.549867, -5.598847 ], [ 106.549891, -5.598775 ], [ 106.549886, -5.598670 ], [ 106.549895, -5.598560 ], [ 106.549897, -5.598507 ], [ 106.549903, -5.598463 ], [ 106.549844, -5.598352 ], [ 106.549833, -5.598338 ], [ 106.549743, -5.598237 ] ], [ [ 106.543218, -5.605743 ], [ 106.543261, -5.605777 ], [ 106.543481, -5.605755 ], [ 106.543481, -5.605755 ], [ 106.543512, -5.605752 ], [ 106.543705, -5.605715 ], [ 106.543860, -5.605643 ], [ 106.543860, -5.605643 ], [ 106.543980, -5.605606 ], [ 106.544172, -5.605574 ], [ 106.544196, -5.605570 ], [ 106.544222, -5.605563 ], [ 106.544376, -5.605521 ], [ 106.544492, -5.605498 ], [ 106.544496, -5.605497 ], [ 106.544496, -5.605497 ], [ 106.544508, -5.605490 ], [ 106.544604, -5.605436 ], [ 106.544716, -5.605375 ], [ 106.544736, -5.605364 ], [ 106.544784, -5.605256 ], [ 106.544830, -5.605201 ], [ 106.544855, -5.605171 ], [ 106.545334, -5.604894 ], [ 106.545478, -5.604785 ], [ 106.545561, -5.604569 ], [ 106.545645, -5.604448 ], [ 106.545762, -5.604407 ], [ 106.545849, -5.604376 ], [ 106.546065, -5.604315 ], [ 106.546065, -5.604315 ], [ 106.546082, -5.604309 ], [ 106.546292, -5.604230 ], [ 106.546423, -5.604165 ], [ 106.546436, -5.604158 ], [ 106.546436, -5.604158 ], [ 106.546483, -5.604077 ], [ 106.546484, -5.604076 ], [ 106.546484, -5.604075 ], [ 106.546520, -5.604013 ], [ 106.546524, -5.603968 ], [ 106.546531, -5.603893 ], [ 106.546543, -5.603809 ], [ 106.546543, -5.603748 ], [ 106.546543, -5.603742 ], [ 106.546543, -5.603689 ], [ 106.546531, -5.603665 ], [ 106.546519, -5.603629 ], [ 106.546496, -5.603599 ], [ 106.546446, -5.603533 ], [ 106.546374, -5.603461 ], [ 106.546254, -5.603449 ], [ 106.546179, -5.603450 ], [ 106.546110, -5.603450 ], [ 106.546015, -5.603458 ], [ 106.545966, -5.603462 ], [ 106.545905, -5.603481 ], [ 106.545775, -5.603523 ], [ 106.545644, -5.603551 ], [ 106.545607, -5.603559 ], [ 106.545463, -5.603607 ], [ 106.545199, -5.603680 ], [ 106.545085, -5.603722 ], [ 106.545067, -5.603729 ], [ 106.544779, -5.603790 ], [ 106.544073, -5.604092 ], [ 106.543809, -5.604201 ], [ 106.543728, -5.604257 ], [ 106.543653, -5.604309 ], [ 106.543533, -5.604466 ], [ 106.543438, -5.604622 ], [ 106.543294, -5.604851 ], [ 106.543225, -5.604950 ], [ 106.543175, -5.605020 ], [ 106.543122, -5.605087 ], [ 106.543043, -5.605188 ], [ 106.543023, -5.605304 ], [ 106.543008, -5.605393 ], [ 106.543008, -5.605394 ], [ 106.543009, -5.605398 ], [ 106.543023, -5.605457 ], [ 106.543044, -5.605549 ], [ 106.543085, -5.605604 ], [ 106.543141, -5.605681 ], [ 106.543218, -5.605742 ], [ 106.543218, -5.605743 ] ], [ [ 106.603007, -5.605414 ], [ 106.603125, -5.605454 ], [ 106.603210, -5.605432 ], [ 106.603335, -5.605389 ], [ 106.603421, -5.605361 ], [ 106.603457, -5.605321 ], [ 106.603489, -5.605232 ], [ 106.603553, -5.605072 ], [ 106.603635, -5.604925 ], [ 106.603690, -5.604848 ], [ 106.603707, -5.604825 ], [ 106.603717, -5.604704 ], [ 106.603686, -5.604644 ], [ 106.603598, -5.604635 ], [ 106.603531, -5.604645 ], [ 106.603435, -5.604660 ], [ 106.603428, -5.604661 ], [ 106.603345, -5.604673 ], [ 106.603138, -5.604712 ], [ 106.603061, -5.604775 ], [ 106.603059, -5.604777 ], [ 106.603058, -5.604777 ], [ 106.602921, -5.604886 ], [ 106.602832, -5.604993 ], [ 106.602782, -5.605111 ], [ 106.602764, -5.605207 ], [ 106.602814, -5.605279 ], [ 106.602889, -5.605336 ], [ 106.603007, -5.605414 ] ], [ [ 106.566736, -5.607309 ], [ 106.566753, -5.607311 ], [ 106.566921, -5.607291 ], [ 106.566944, -5.607288 ], [ 106.566946, -5.607288 ], [ 106.566947, -5.607287 ], [ 106.566955, -5.607285 ], [ 106.566956, -5.607285 ], [ 106.566967, -5.607282 ], [ 106.567128, -5.607196 ], [ 106.567158, -5.607180 ], [ 106.567328, -5.607028 ], [ 106.567356, -5.607003 ], [ 106.567563, -5.606833 ], [ 106.567635, -5.606766 ], [ 106.567658, -5.606744 ], [ 106.567659, -5.606743 ], [ 106.567658, -5.606744 ], [ 106.567702, -5.606856 ], [ 106.567754, -5.607042 ], [ 106.567759, -5.607175 ], [ 106.567721, -5.607332 ], [ 106.567597, -5.607470 ], [ 106.567488, -5.607632 ], [ 106.567369, -5.607808 ], [ 106.567273, -5.607953 ], [ 106.567378, -5.607907 ], [ 106.567535, -5.607743 ], [ 106.567660, -5.607541 ], [ 106.567774, -5.607363 ], [ 106.567805, -5.607184 ], [ 106.567786, -5.606929 ], [ 106.567858, -5.606791 ], [ 106.568026, -5.606685 ], [ 106.568140, -5.606593 ], [ 106.568197, -5.606460 ], [ 106.568144, -5.606319 ], [ 106.568068, -5.606239 ], [ 106.567988, -5.606186 ], [ 106.567889, -5.606198 ], [ 106.567802, -5.606273 ], [ 106.567799, -5.606259 ], [ 106.567585, -5.606070 ], [ 106.567463, -5.605997 ], [ 106.567417, -5.605981 ], [ 106.567265, -5.605946 ], [ 106.567127, -5.605919 ], [ 106.567020, -5.605924 ], [ 106.566975, -5.605936 ], [ 106.566807, -5.606017 ], [ 106.566662, -5.606229 ], [ 106.566547, -5.606449 ], [ 106.566540, -5.606472 ], [ 106.566540, -5.606473 ], [ 106.566539, -5.606475 ], [ 106.566486, -5.606640 ], [ 106.566494, -5.606714 ], [ 106.566510, -5.606849 ], [ 106.566510, -5.606912 ], [ 106.566525, -5.607066 ], [ 106.566540, -5.607108 ], [ 106.566609, -5.607246 ], [ 106.566692, -5.607304 ], [ 106.566736, -5.607309 ], [ 106.566736, -5.607309 ] ], [ [ 106.566955, -5.607403 ], [ 106.566949, -5.607384 ], [ 106.566944, -5.607469 ], [ 106.566933, -5.607587 ], [ 106.566957, -5.607714 ], [ 106.566964, -5.607675 ], [ 106.566964, -5.607532 ], [ 106.566955, -5.607403 ] ], [ [ 106.581567, -5.610217 ], [ 106.581198, -5.610229 ], [ 106.580580, -5.610217 ], [ 106.580092, -5.610241 ], [ 106.579818, -5.610300 ], [ 106.579449, -5.610372 ], [ 106.579116, -5.610408 ], [ 106.578700, -5.610384 ], [ 106.578283, -5.610455 ], [ 106.577748, -5.610479 ], [ 106.577403, -5.610479 ], [ 106.576820, -5.610574 ], [ 106.576332, -5.610634 ], [ 106.575797, -5.610669 ], [ 106.575499, -5.610705 ], [ 106.575178, -5.610824 ], [ 106.575047, -5.610877 ], [ 106.574756, -5.610931 ], [ 106.574595, -5.610931 ], [ 106.574238, -5.610955 ], [ 106.574012, -5.611002 ], [ 106.573740, -5.611120 ], [ 106.573398, -5.611330 ], [ 106.573251, -5.611621 ], [ 106.573132, -5.611918 ], [ 106.573025, -5.612150 ], [ 106.572818, -5.612472 ], [ 106.572715, -5.612811 ], [ 106.572713, -5.612885 ], [ 106.572719, -5.612893 ], [ 106.572719, -5.612893 ], [ 106.572770, -5.612957 ], [ 106.572856, -5.613033 ], [ 106.572870, -5.613090 ], [ 106.572856, -5.613224 ], [ 106.572822, -5.613271 ], [ 106.572767, -5.613296 ], [ 106.572746, -5.613305 ], [ 106.572678, -5.613403 ], [ 106.572668, -5.613501 ], [ 106.572644, -5.613763 ], [ 106.572775, -5.613965 ], [ 106.572834, -5.614179 ], [ 106.572912, -5.614280 ], [ 106.573209, -5.614500 ], [ 106.573446, -5.614585 ], [ 106.573846, -5.614786 ], [ 106.574191, -5.614893 ], [ 106.574417, -5.614917 ], [ 106.574502, -5.614875 ], [ 106.574597, -5.614832 ], [ 106.574674, -5.614808 ], [ 106.574764, -5.614823 ], [ 106.574831, -5.614846 ], [ 106.574973, -5.614799 ], [ 106.575192, -5.614699 ], [ 106.575307, -5.614656 ], [ 106.575464, -5.614631 ], [ 106.575773, -5.614488 ], [ 106.576023, -5.614322 ], [ 106.576356, -5.614119 ], [ 106.576737, -5.613882 ], [ 106.576987, -5.613727 ], [ 106.577177, -5.613548 ], [ 106.577332, -5.613322 ], [ 106.577498, -5.613144 ], [ 106.577760, -5.612989 ], [ 106.578319, -5.612620 ], [ 106.578581, -5.612442 ], [ 106.578854, -5.612323 ], [ 106.578920, -5.612289 ], [ 106.579163, -5.612207 ], [ 106.579381, -5.612156 ], [ 106.579449, -5.612156 ], [ 106.579794, -5.612073 ], [ 106.580223, -5.612037 ], [ 106.580407, -5.612032 ], [ 106.580644, -5.611998 ], [ 106.581103, -5.611880 ], [ 106.581351, -5.611773 ], [ 106.581424, -5.611728 ], [ 106.581781, -5.611597 ], [ 106.581960, -5.611490 ], [ 106.582069, -5.611344 ], [ 106.582245, -5.611225 ], [ 106.582689, -5.610940 ], [ 106.582868, -5.610792 ], [ 106.582968, -5.610601 ], [ 106.582968, -5.610459 ], [ 106.582849, -5.610335 ], [ 106.582652, -5.610253 ], [ 106.582522, -5.610199 ], [ 106.582317, -5.610181 ], [ 106.582031, -5.610170 ], [ 106.581567, -5.610217 ] ], [ [ 106.554506, -5.614268 ], [ 106.554289, -5.614239 ], [ 106.554097, -5.614277 ], [ 106.553888, -5.614354 ], [ 106.553602, -5.614449 ], [ 106.553402, -5.614611 ], [ 106.553164, -5.614849 ], [ 106.552917, -5.614963 ], [ 106.552679, -5.615134 ], [ 106.552470, -5.615363 ], [ 106.552241, -5.615572 ], [ 106.551984, -5.615724 ], [ 106.551756, -5.615905 ], [ 106.551508, -5.616200 ], [ 106.551308, -5.616419 ], [ 106.551108, -5.616562 ], [ 106.550909, -5.616647 ], [ 106.550718, -5.616685 ], [ 106.550561, -5.616819 ], [ 106.550547, -5.616858 ], [ 106.550466, -5.617080 ], [ 106.550418, -5.617533 ], [ 106.550418, -5.617690 ], [ 106.550418, -5.617695 ], [ 106.550418, -5.618032 ], [ 106.550377, -5.618208 ], [ 106.550224, -5.618716 ], [ 106.550144, -5.618908 ], [ 106.549871, -5.619317 ], [ 106.549653, -5.619739 ], [ 106.549351, -5.620179 ], [ 106.549243, -5.620335 ], [ 106.549134, -5.620459 ], [ 106.549101, -5.620619 ], [ 106.549130, -5.620752 ], [ 106.549225, -5.620838 ], [ 106.549463, -5.620866 ], [ 106.549634, -5.620704 ], [ 106.549910, -5.620685 ], [ 106.550110, -5.620685 ], [ 106.550415, -5.620647 ], [ 106.550681, -5.620552 ], [ 106.550805, -5.620438 ], [ 106.550876, -5.620333 ], [ 106.551024, -5.619925 ], [ 106.551155, -5.619520 ], [ 106.551331, -5.619255 ], [ 106.551615, -5.619033 ], [ 106.551843, -5.618896 ], [ 106.551995, -5.618839 ], [ 106.552233, -5.618753 ], [ 106.552333, -5.618696 ], [ 106.552537, -5.618639 ], [ 106.552815, -5.618551 ], [ 106.553023, -5.618450 ], [ 106.553404, -5.618402 ], [ 106.553880, -5.618319 ], [ 106.554379, -5.618087 ], [ 106.555153, -5.617754 ], [ 106.555450, -5.617611 ], [ 106.555646, -5.617480 ], [ 106.555938, -5.617307 ], [ 106.556206, -5.617141 ], [ 106.556384, -5.616939 ], [ 106.556515, -5.616713 ], [ 106.556563, -5.616594 ], [ 106.556540, -5.616336 ], [ 106.556497, -5.616124 ], [ 106.556482, -5.616086 ], [ 106.556402, -5.615892 ], [ 106.556253, -5.615677 ], [ 106.556057, -5.615440 ], [ 106.555807, -5.615130 ], [ 106.555522, -5.614785 ], [ 106.555408, -5.614642 ], [ 106.555259, -5.614561 ], [ 106.555082, -5.614482 ], [ 106.554916, -5.614401 ], [ 106.554630, -5.614316 ], [ 106.554506, -5.614268 ] ], [ [ 106.571981, -5.618863 ], [ 106.572024, -5.618881 ], [ 106.572084, -5.618874 ], [ 106.572191, -5.618824 ], [ 106.572802, -5.618609 ], [ 106.572934, -5.618545 ], [ 106.573059, -5.618474 ], [ 106.573209, -5.618406 ], [ 106.573280, -5.618342 ], [ 106.573287, -5.618285 ], [ 106.573248, -5.618199 ], [ 106.573151, -5.618231 ], [ 106.573037, -5.618170 ], [ 106.572994, -5.618124 ], [ 106.572991, -5.618038 ], [ 106.572980, -5.617988 ], [ 106.572941, -5.617974 ], [ 106.572887, -5.617996 ], [ 106.572491, -5.618203 ], [ 106.572006, -5.618474 ], [ 106.571906, -5.618527 ], [ 106.571842, -5.618581 ], [ 106.571809, -5.618638 ], [ 106.571817, -5.618692 ], [ 106.571874, -5.618727 ], [ 106.571927, -5.618749 ], [ 106.571970, -5.618799 ], [ 106.571981, -5.618863 ] ], [ [ 106.582816, -5.618840 ], [ 106.582559, -5.619002 ], [ 106.582359, -5.619174 ], [ 106.582313, -5.619217 ], [ 106.582245, -5.619213 ], [ 106.582149, -5.619146 ], [ 106.582102, -5.619188 ], [ 106.581853, -5.619410 ], [ 106.581870, -5.619428 ], [ 106.581871, -5.619429 ], [ 106.582108, -5.619683 ], [ 106.581988, -5.619764 ], [ 106.581692, -5.619964 ], [ 106.581586, -5.620050 ], [ 106.581540, -5.620087 ], [ 106.581445, -5.620287 ], [ 106.581445, -5.620420 ], [ 106.581569, -5.620620 ], [ 106.581683, -5.620744 ], [ 106.581788, -5.620839 ], [ 106.581997, -5.620925 ], [ 106.582159, -5.621001 ], [ 106.582463, -5.620982 ], [ 106.582644, -5.621011 ], [ 106.582973, -5.620952 ], [ 106.583202, -5.620966 ], [ 106.583352, -5.620973 ], [ 106.583534, -5.620948 ], [ 106.583751, -5.620923 ], [ 106.583933, -5.620852 ], [ 106.584130, -5.620755 ], [ 106.584673, -5.620525 ], [ 106.584823, -5.620446 ], [ 106.585051, -5.620281 ], [ 106.585270, -5.620183 ], [ 106.585300, -5.620163 ], [ 106.585376, -5.620031 ], [ 106.585365, -5.619974 ], [ 106.585379, -5.619931 ], [ 106.585450, -5.619827 ], [ 106.585483, -5.619667 ], [ 106.585493, -5.619599 ], [ 106.585536, -5.619560 ], [ 106.585536, -5.619542 ], [ 106.585536, -5.619488 ], [ 106.585529, -5.619449 ], [ 106.585507, -5.619403 ], [ 106.585483, -5.619295 ], [ 106.585390, -5.619160 ], [ 106.585272, -5.619035 ], [ 106.585126, -5.618917 ], [ 106.584965, -5.618828 ], [ 106.584747, -5.618753 ], [ 106.584540, -5.618685 ], [ 106.584390, -5.618671 ], [ 106.584280, -5.618703 ], [ 106.584194, -5.618707 ], [ 106.584140, -5.618692 ], [ 106.584105, -5.618653 ], [ 106.584033, -5.618622 ], [ 106.583949, -5.618628 ], [ 106.583777, -5.618622 ], [ 106.583534, -5.618582 ], [ 106.583441, -5.618588 ], [ 106.583311, -5.618631 ], [ 106.583025, -5.618745 ], [ 106.582816, -5.618840 ] ], [ [ 106.561285, -5.620740 ], [ 106.561363, -5.620704 ], [ 106.561409, -5.620704 ], [ 106.561495, -5.620711 ], [ 106.561627, -5.620633 ], [ 106.561681, -5.620561 ], [ 106.561756, -5.620444 ], [ 106.561770, -5.620344 ], [ 106.561749, -5.620229 ], [ 106.561749, -5.620169 ], [ 106.561731, -5.620101 ], [ 106.561681, -5.620012 ], [ 106.561666, -5.619915 ], [ 106.561640, -5.619890 ], [ 106.561639, -5.619890 ], [ 106.561599, -5.619851 ], [ 106.561531, -5.619822 ], [ 106.561463, -5.619826 ], [ 106.561413, -5.619855 ], [ 106.561367, -5.619865 ], [ 106.561285, -5.619847 ], [ 106.561220, -5.619826 ], [ 106.561167, -5.619830 ], [ 106.561063, -5.619880 ], [ 106.561008, -5.619915 ], [ 106.561008, -5.619915 ], [ 106.560946, -5.619955 ], [ 106.560878, -5.620022 ], [ 106.560806, -5.620147 ], [ 106.560763, -5.620262 ], [ 106.560767, -5.620311 ], [ 106.560799, -5.620365 ], [ 106.560860, -5.620394 ], [ 106.560906, -5.620408 ], [ 106.560956, -5.620458 ], [ 106.561045, -5.620547 ], [ 106.561099, -5.620608 ], [ 106.561113, -5.620651 ], [ 106.561138, -5.620711 ], [ 106.561231, -5.620750 ], [ 106.561285, -5.620740 ] ], [ [ 106.544313, -5.624961 ], [ 106.544788, -5.625007 ], [ 106.545269, -5.624992 ], [ 106.545442, -5.624978 ], [ 106.545775, -5.624968 ], [ 106.545994, -5.624940 ], [ 106.546651, -5.624883 ], [ 106.546813, -5.624873 ], [ 106.547203, -5.624902 ], [ 106.547409, -5.624902 ], [ 106.547617, -5.624859 ], [ 106.547707, -5.624816 ], [ 106.547856, -5.624759 ], [ 106.548042, -5.624649 ], [ 106.548113, -5.624530 ], [ 106.548142, -5.624354 ], [ 106.548118, -5.624262 ], [ 106.548103, -5.624203 ], [ 106.548046, -5.624114 ], [ 106.547956, -5.624064 ], [ 106.547870, -5.623969 ], [ 106.547761, -5.623888 ], [ 106.547666, -5.623816 ], [ 106.547590, -5.623783 ], [ 106.547528, -5.623793 ], [ 106.547480, -5.623807 ], [ 106.547414, -5.623788 ], [ 106.547356, -5.623764 ], [ 106.547223, -5.623755 ], [ 106.547028, -5.623788 ], [ 106.546857, -5.623845 ], [ 106.546647, -5.623850 ], [ 106.546300, -5.623783 ], [ 106.546100, -5.623731 ], [ 106.545919, -5.623731 ], [ 106.545672, -5.623726 ], [ 106.545377, -5.623697 ], [ 106.545153, -5.623655 ], [ 106.544967, -5.623607 ], [ 106.544805, -5.623550 ], [ 106.544576, -5.623569 ], [ 106.544386, -5.623655 ], [ 106.544186, -5.623674 ], [ 106.543992, -5.623726 ], [ 106.543856, -5.623795 ], [ 106.543668, -5.623959 ], [ 106.543656, -5.623994 ], [ 106.543656, -5.623994 ], [ 106.543621, -5.624092 ], [ 106.543630, -5.624235 ], [ 106.543654, -5.624387 ], [ 106.543782, -5.624616 ], [ 106.543919, -5.624702 ], [ 106.543987, -5.624773 ], [ 106.544149, -5.624840 ], [ 106.544258, -5.624916 ], [ 106.544313, -5.624961 ] ], [ [ 106.571986, -5.628147 ], [ 106.572210, -5.628148 ], [ 106.572534, -5.628042 ], [ 106.572886, -5.627920 ], [ 106.573075, -5.627803 ], [ 106.573124, -5.627747 ], [ 106.573186, -5.627728 ], [ 106.573189, -5.627731 ], [ 106.573190, -5.627726 ], [ 106.573247, -5.627695 ], [ 106.573301, -5.627629 ], [ 106.573306, -5.627627 ], [ 106.573290, -5.627595 ], [ 106.573305, -5.627523 ], [ 106.573376, -5.627438 ], [ 106.573390, -5.627309 ], [ 106.573343, -5.627181 ], [ 106.573321, -5.627145 ], [ 106.573295, -5.627100 ], [ 106.573162, -5.627000 ], [ 106.572962, -5.626967 ], [ 106.572734, -5.626924 ], [ 106.572596, -5.626929 ], [ 106.572334, -5.626976 ], [ 106.572120, -5.627038 ], [ 106.571887, -5.627114 ], [ 106.571787, -5.627166 ], [ 106.571739, -5.627200 ], [ 106.571668, -5.627200 ], [ 106.571563, -5.627214 ], [ 106.571444, -5.627333 ], [ 106.571388, -5.627419 ], [ 106.571385, -5.627424 ], [ 106.571379, -5.627433 ], [ 106.571311, -5.627609 ], [ 106.571310, -5.627671 ], [ 106.571304, -5.627705 ], [ 106.571318, -5.627752 ], [ 106.571351, -5.627905 ], [ 106.571396, -5.627933 ], [ 106.571434, -5.628018 ], [ 106.571534, -5.628090 ], [ 106.571720, -5.628104 ], [ 106.571986, -5.628147 ] ], [ [ 106.581651, -5.633983 ], [ 106.581442, -5.634049 ], [ 106.581299, -5.634145 ], [ 106.581077, -5.634210 ], [ 106.580823, -5.634240 ], [ 106.580414, -5.634221 ], [ 106.580128, -5.634278 ], [ 106.580005, -5.634336 ], [ 106.579938, -5.634430 ], [ 106.579700, -5.634582 ], [ 106.579519, -5.634744 ], [ 106.579235, -5.634830 ], [ 106.578912, -5.634953 ], [ 106.578650, -5.634965 ], [ 106.578365, -5.634870 ], [ 106.578055, -5.634692 ], [ 106.577844, -5.634411 ], [ 106.577837, -5.634403 ], [ 106.577829, -5.634394 ], [ 106.577814, -5.634353 ], [ 106.577865, -5.634233 ], [ 106.577913, -5.634180 ], [ 106.577966, -5.634120 ], [ 106.577954, -5.634025 ], [ 106.577877, -5.634025 ], [ 106.577846, -5.634048 ], [ 106.577716, -5.634144 ], [ 106.577412, -5.634221 ], [ 106.577009, -5.634299 ], [ 106.576838, -5.634252 ], [ 106.576616, -5.634278 ], [ 106.576131, -5.634278 ], [ 106.576012, -5.634292 ], [ 106.575831, -5.634406 ], [ 106.575545, -5.634549 ], [ 106.575350, -5.634601 ], [ 106.575226, -5.634782 ], [ 106.575203, -5.635080 ], [ 106.575198, -5.635144 ], [ 106.575224, -5.635214 ], [ 106.575225, -5.635218 ], [ 106.575264, -5.635325 ], [ 106.575279, -5.635434 ], [ 106.575395, -5.635767 ], [ 106.575426, -5.635858 ], [ 106.575483, -5.635972 ], [ 106.575521, -5.636100 ], [ 106.575621, -5.636310 ], [ 106.575683, -5.636391 ], [ 106.575957, -5.636423 ], [ 106.576182, -5.636451 ], [ 106.576815, -5.636251 ], [ 106.576887, -5.636225 ], [ 106.577528, -5.635966 ], [ 106.577728, -5.635880 ], [ 106.577881, -5.635785 ], [ 106.578238, -5.635704 ], [ 106.578356, -5.635642 ], [ 106.578525, -5.635602 ], [ 106.578746, -5.635602 ], [ 106.578900, -5.635625 ], [ 106.579032, -5.635747 ], [ 106.579127, -5.635766 ], [ 106.579308, -5.635709 ], [ 106.579483, -5.635655 ], [ 106.579715, -5.635625 ], [ 106.579971, -5.635649 ], [ 106.580251, -5.635709 ], [ 106.580488, -5.635709 ], [ 106.580691, -5.635762 ], [ 106.581054, -5.635798 ], [ 106.581355, -5.635832 ], [ 106.581497, -5.635870 ], [ 106.581678, -5.635947 ], [ 106.581864, -5.635961 ], [ 106.582127, -5.636012 ], [ 106.582325, -5.636108 ], [ 106.582649, -5.636099 ], [ 106.582916, -5.636023 ], [ 106.583077, -5.635937 ], [ 106.583306, -5.635947 ], [ 106.583506, -5.635966 ], [ 106.583610, -5.635909 ], [ 106.583810, -5.635823 ], [ 106.584020, -5.635737 ], [ 106.584155, -5.635657 ], [ 106.584372, -5.635604 ], [ 106.584481, -5.635590 ], [ 106.584735, -5.635480 ], [ 106.584944, -5.635361 ], [ 106.585106, -5.635257 ], [ 106.585320, -5.635228 ], [ 106.585473, -5.635173 ], [ 106.585545, -5.635090 ], [ 106.585515, -5.634965 ], [ 106.585360, -5.634876 ], [ 106.585339, -5.634866 ], [ 106.585158, -5.634787 ], [ 106.585030, -5.634712 ], [ 106.584830, -5.634697 ], [ 106.584582, -5.634601 ], [ 106.584183, -5.634525 ], [ 106.583726, -5.634449 ], [ 106.583307, -5.634487 ], [ 106.583107, -5.634478 ], [ 106.582821, -5.634411 ], [ 106.582630, -5.634284 ], [ 106.582342, -5.634153 ], [ 106.581987, -5.634023 ], [ 106.581651, -5.633983 ] ], [ [ 106.555698, -5.642472 ], [ 106.555782, -5.642501 ], [ 106.555898, -5.642400 ], [ 106.555940, -5.642382 ], [ 106.555987, -5.642319 ], [ 106.556020, -5.642198 ], [ 106.556007, -5.642152 ], [ 106.555969, -5.642142 ], [ 106.555952, -5.642138 ], [ 106.555948, -5.642119 ], [ 106.555855, -5.641723 ], [ 106.555795, -5.641568 ], [ 106.555757, -5.641506 ], [ 106.555628, -5.641389 ], [ 106.555538, -5.641317 ], [ 106.555330, -5.641351 ], [ 106.555318, -5.641354 ], [ 106.555282, -5.641669 ], [ 106.555385, -5.641811 ], [ 106.555472, -5.642031 ], [ 106.555526, -5.642142 ], [ 106.555603, -5.642351 ], [ 106.555698, -5.642472 ] ], [ [ 106.557642, -5.646415 ], [ 106.557848, -5.646432 ], [ 106.558809, -5.646028 ], [ 106.559694, -5.645658 ], [ 106.560404, -5.645284 ], [ 106.560498, -5.645249 ], [ 106.560786, -5.645142 ], [ 106.560815, -5.645139 ], [ 106.561159, -5.645100 ], [ 106.562082, -5.644647 ], [ 106.562632, -5.644646 ], [ 106.562944, -5.644594 ], [ 106.563280, -5.644480 ], [ 106.563433, -5.644339 ], [ 106.563555, -5.644251 ], [ 106.563693, -5.644244 ], [ 106.563776, -5.644254 ], [ 106.563776, -5.644254 ], [ 106.563814, -5.644259 ], [ 106.563814, -5.644259 ], [ 106.563959, -5.644190 ], [ 106.563976, -5.644177 ], [ 106.563976, -5.644177 ], [ 106.564096, -5.644086 ], [ 106.564242, -5.644062 ], [ 106.564325, -5.644101 ], [ 106.564395, -5.644186 ], [ 106.564395, -5.644186 ], [ 106.564623, -5.643997 ], [ 106.564658, -5.643972 ], [ 106.564658, -5.643972 ], [ 106.564714, -5.643933 ], [ 106.565126, -5.643867 ], [ 106.565165, -5.643862 ], [ 106.565737, -5.643832 ], [ 106.566149, -5.643753 ], [ 106.566546, -5.643562 ], [ 106.566729, -5.643489 ], [ 106.566842, -5.643461 ], [ 106.566965, -5.643430 ], [ 106.567072, -5.643367 ], [ 106.567110, -5.643256 ], [ 106.567106, -5.643244 ], [ 106.567102, -5.643232 ], [ 106.567102, -5.643197 ], [ 106.567078, -5.643094 ], [ 106.567072, -5.643067 ], [ 106.566660, -5.642793 ], [ 106.566507, -5.642691 ], [ 106.566496, -5.642687 ], [ 106.566294, -5.642609 ], [ 106.566064, -5.642627 ], [ 106.566044, -5.642629 ], [ 106.565336, -5.642685 ], [ 106.565118, -5.642703 ], [ 106.565118, -5.642703 ], [ 106.565065, -5.642707 ], [ 106.564866, -5.642740 ], [ 106.564257, -5.642839 ], [ 106.563471, -5.642880 ], [ 106.563204, -5.643062 ], [ 106.562621, -5.643160 ], [ 106.562441, -5.643190 ], [ 106.562143, -5.643275 ], [ 106.562107, -5.643295 ], [ 106.562024, -5.643340 ], [ 106.561769, -5.643481 ], [ 106.560213, -5.644046 ], [ 106.559835, -5.644110 ], [ 106.559473, -5.644171 ], [ 106.559330, -5.644198 ], [ 106.559031, -5.644254 ], [ 106.558817, -5.644351 ], [ 106.558617, -5.644416 ], [ 106.557886, -5.644653 ], [ 106.557688, -5.644734 ], [ 106.557520, -5.644891 ], [ 106.557509, -5.644917 ], [ 106.557447, -5.645063 ], [ 106.557406, -5.645160 ], [ 106.557435, -5.645818 ], [ 106.557436, -5.645851 ], [ 106.557489, -5.646199 ], [ 106.557550, -5.646347 ], [ 106.557550, -5.646347 ], [ 106.557642, -5.646415 ] ], [ [ 106.564384, -5.649250 ], [ 106.564396, -5.649258 ], [ 106.564608, -5.649234 ], [ 106.564609, -5.649234 ], [ 106.564998, -5.649190 ], [ 106.565125, -5.649178 ], [ 106.565479, -5.649143 ], [ 106.566311, -5.649256 ], [ 106.566891, -5.649262 ], [ 106.567011, -5.649259 ], [ 106.567199, -5.649253 ], [ 106.567447, -5.649246 ], [ 106.567447, -5.649246 ], [ 106.567577, -5.649191 ], [ 106.567577, -5.649191 ], [ 106.568386, -5.649193 ], [ 106.568453, -5.649195 ], [ 106.568683, -5.649204 ], [ 106.568715, -5.649206 ], [ 106.568715, -5.649206 ], [ 106.568744, -5.649207 ], [ 106.569034, -5.649218 ], [ 106.569059, -5.649216 ], [ 106.569088, -5.649214 ], [ 106.569492, -5.649189 ], [ 106.569561, -5.649108 ], [ 106.569561, -5.649108 ], [ 106.569562, -5.649101 ], [ 106.569565, -5.649089 ], [ 106.569567, -5.649078 ], [ 106.569591, -5.648948 ], [ 106.569584, -5.648942 ], [ 106.569538, -5.648901 ], [ 106.569526, -5.648897 ], [ 106.569518, -5.648895 ], [ 106.569370, -5.648850 ], [ 106.569202, -5.648751 ], [ 106.568910, -5.648741 ], [ 106.568910, -5.648741 ], [ 106.568851, -5.648739 ], [ 106.568670, -5.648682 ], [ 106.568508, -5.648631 ], [ 106.568403, -5.648607 ], [ 106.568403, -5.648607 ], [ 106.568378, -5.648601 ], [ 106.568264, -5.648639 ], [ 106.568096, -5.648659 ], [ 106.568082, -5.648660 ], [ 106.568052, -5.648664 ], [ 106.568052, -5.648664 ], [ 106.567930, -5.648678 ], [ 106.567745, -5.648700 ], [ 106.567728, -5.648707 ], [ 106.567638, -5.648744 ], [ 106.567531, -5.648832 ], [ 106.567531, -5.648832 ], [ 106.567508, -5.648835 ], [ 106.567325, -5.648859 ], [ 106.567116, -5.648894 ], [ 106.567115, -5.648894 ], [ 106.566974, -5.648917 ], [ 106.566906, -5.648928 ], [ 106.566891, -5.648931 ], [ 106.566859, -5.648936 ], [ 106.566540, -5.648990 ], [ 106.566280, -5.649010 ], [ 106.565739, -5.648915 ], [ 106.565739, -5.648915 ], [ 106.565738, -5.648915 ], [ 106.565319, -5.648816 ], [ 106.565037, -5.648748 ], [ 106.564542, -5.648587 ], [ 106.564464, -5.648562 ], [ 106.564437, -5.648551 ], [ 106.564312, -5.648500 ], [ 106.564182, -5.648537 ], [ 106.564098, -5.648626 ], [ 106.564086, -5.648732 ], [ 106.564083, -5.648755 ], [ 106.564092, -5.648788 ], [ 106.564152, -5.649020 ], [ 106.564297, -5.649193 ], [ 106.564384, -5.649250 ], [ 106.564384, -5.649250 ] ], [ [ 106.567612, -5.649676 ], [ 106.567559, -5.649741 ], [ 106.567458, -5.649771 ], [ 106.567213, -5.649678 ], [ 106.567267, -5.649757 ], [ 106.567308, -5.649893 ], [ 106.567346, -5.650019 ], [ 106.567400, -5.650145 ], [ 106.567493, -5.650236 ], [ 106.567643, -5.650298 ], [ 106.567800, -5.650317 ], [ 106.568021, -5.650295 ], [ 106.568057, -5.650243 ], [ 106.568049, -5.650196 ], [ 106.567967, -5.650181 ], [ 106.567838, -5.650207 ], [ 106.567757, -5.650231 ], [ 106.567607, -5.650219 ], [ 106.567572, -5.650212 ], [ 106.567619, -5.649838 ], [ 106.567679, -5.649734 ], [ 106.567750, -5.649679 ], [ 106.567829, -5.649655 ], [ 106.567979, -5.649674 ], [ 106.568140, -5.649717 ], [ 106.568076, -5.649682 ], [ 106.567868, -5.649640 ], [ 106.567684, -5.649634 ], [ 106.567612, -5.649676 ] ], [ [ 106.568151, -5.649723 ], [ 106.568151, -5.649723 ], [ 106.568151, -5.649723 ], [ 106.568151, -5.649723 ] ], [ [ 106.577575, -5.650087 ], [ 106.577546, -5.650253 ], [ 106.577527, -5.650406 ], [ 106.577532, -5.650572 ], [ 106.577537, -5.650677 ], [ 106.577537, -5.650858 ], [ 106.577542, -5.650934 ], [ 106.577546, -5.651043 ], [ 106.577594, -5.651134 ], [ 106.577708, -5.651177 ], [ 106.577832, -5.651224 ], [ 106.578003, -5.651262 ], [ 106.578151, -5.651281 ], [ 106.578160, -5.651329 ], [ 106.578165, -5.651400 ], [ 106.578156, -5.651486 ], [ 106.578098, -5.651790 ], [ 106.578069, -5.652024 ], [ 106.577947, -5.652011 ], [ 106.577689, -5.651985 ], [ 106.577689, -5.651985 ], [ 106.577513, -5.651967 ], [ 106.577258, -5.651916 ], [ 106.577223, -5.651909 ], [ 106.576961, -5.651781 ], [ 106.576895, -5.651749 ], [ 106.576788, -5.651695 ], [ 106.576612, -5.651606 ], [ 106.576338, -5.651537 ], [ 106.576231, -5.651539 ], [ 106.576116, -5.651633 ], [ 106.576179, -5.651850 ], [ 106.576183, -5.651863 ], [ 106.576183, -5.651863 ], [ 106.576254, -5.652107 ], [ 106.576307, -5.652332 ], [ 106.576307, -5.652332 ], [ 106.576276, -5.652602 ], [ 106.576244, -5.652669 ], [ 106.576216, -5.652730 ], [ 106.576203, -5.652739 ], [ 106.576184, -5.652753 ], [ 106.576184, -5.652753 ], [ 106.576197, -5.653069 ], [ 106.576253, -5.653291 ], [ 106.576259, -5.653298 ], [ 106.576259, -5.653298 ], [ 106.576285, -5.653307 ], [ 106.576528, -5.653397 ], [ 106.576618, -5.653428 ], [ 106.576742, -5.653470 ], [ 106.577276, -5.653653 ], [ 106.577841, -5.653718 ], [ 106.578611, -5.653807 ], [ 106.579153, -5.653754 ], [ 106.580419, -5.653390 ], [ 106.580831, -5.653198 ], [ 106.581017, -5.653047 ], [ 106.581106, -5.652976 ], [ 106.581128, -5.652939 ], [ 106.581236, -5.652753 ], [ 106.581251, -5.652709 ], [ 106.581249, -5.652690 ], [ 106.581243, -5.652618 ], [ 106.581243, -5.652618 ], [ 106.581144, -5.652499 ], [ 106.580663, -5.652347 ], [ 106.580444, -5.652290 ], [ 106.580404, -5.652280 ], [ 106.580129, -5.652174 ], [ 106.580129, -5.652174 ], [ 106.579801, -5.652135 ], [ 106.578955, -5.652183 ], [ 106.578184, -5.652037 ], [ 106.578129, -5.652031 ], [ 106.578165, -5.651905 ], [ 106.578198, -5.651895 ], [ 106.578327, -5.651895 ], [ 106.578455, -5.651895 ], [ 106.578570, -5.651914 ], [ 106.578655, -5.651900 ], [ 106.578698, -5.651843 ], [ 106.578855, -5.651857 ], [ 106.578865, -5.651905 ], [ 106.578941, -5.651909 ], [ 106.578988, -5.651700 ], [ 106.579183, -5.650225 ], [ 106.579012, -5.650201 ], [ 106.578965, -5.650396 ], [ 106.578941, -5.650610 ], [ 106.578922, -5.650834 ], [ 106.578869, -5.651096 ], [ 106.578850, -5.651348 ], [ 106.578836, -5.651600 ], [ 106.578727, -5.651600 ], [ 106.578531, -5.651543 ], [ 106.578213, -5.651491 ], [ 106.578236, -5.651177 ], [ 106.578065, -5.651124 ], [ 106.577789, -5.651105 ], [ 106.577646, -5.651029 ], [ 106.577642, -5.650910 ], [ 106.577632, -5.650715 ], [ 106.577642, -5.650586 ], [ 106.577670, -5.650496 ], [ 106.577665, -5.650315 ], [ 106.577661, -5.650196 ], [ 106.577656, -5.650087 ], [ 106.577665, -5.649987 ], [ 106.577670, -5.649877 ], [ 106.577623, -5.649849 ], [ 106.577570, -5.649858 ], [ 106.577556, -5.649977 ], [ 106.577575, -5.650087 ] ], [ [ 106.580353, -5.653673 ], [ 106.579769, -5.653813 ], [ 106.579503, -5.653975 ], [ 106.578871, -5.654197 ], [ 106.578818, -5.654194 ], [ 106.578561, -5.654251 ], [ 106.578360, -5.654206 ], [ 106.578360, -5.654318 ], [ 106.578569, -5.654347 ], [ 106.578612, -5.654570 ], [ 106.578610, -5.654858 ], [ 106.578608, -5.655092 ], [ 106.578616, -5.655235 ], [ 106.578633, -5.655341 ], [ 106.578645, -5.655387 ], [ 106.578796, -5.655412 ], [ 106.578887, -5.655529 ], [ 106.578939, -5.655581 ], [ 106.578985, -5.655852 ], [ 106.579047, -5.656115 ], [ 106.579067, -5.656257 ], [ 106.579102, -5.656312 ], [ 106.579136, -5.656263 ], [ 106.579084, -5.655969 ], [ 106.578999, -5.655484 ], [ 106.578979, -5.655358 ], [ 106.578970, -5.655332 ], [ 106.578816, -5.655347 ], [ 106.578765, -5.655318 ], [ 106.578713, -5.655270 ], [ 106.578705, -5.654990 ], [ 106.578710, -5.654747 ], [ 106.578714, -5.654558 ], [ 106.579207, -5.654556 ], [ 106.579284, -5.654796 ], [ 106.579321, -5.654964 ], [ 106.579316, -5.655044 ], [ 106.579276, -5.655112 ], [ 106.579227, -5.655178 ], [ 106.579190, -5.655224 ], [ 106.579182, -5.655270 ], [ 106.579204, -5.655304 ], [ 106.579242, -5.655358 ], [ 106.579267, -5.655481 ], [ 106.579304, -5.655658 ], [ 106.579310, -5.655758 ], [ 106.579364, -5.655926 ], [ 106.579373, -5.656018 ], [ 106.579413, -5.656072 ], [ 106.579473, -5.656003 ], [ 106.579424, -5.655704 ], [ 106.579381, -5.655558 ], [ 106.579356, -5.655432 ], [ 106.579330, -5.655344 ], [ 106.579313, -5.655272 ], [ 106.579341, -5.655190 ], [ 106.579404, -5.655033 ], [ 106.579390, -5.654835 ], [ 106.579367, -5.654593 ], [ 106.579359, -5.654480 ], [ 106.579378, -5.654366 ], [ 106.579340, -5.654185 ], [ 106.579312, -5.654109 ], [ 106.579783, -5.653947 ], [ 106.580116, -5.653837 ], [ 106.580297, -5.653752 ], [ 106.580353, -5.653673 ] ], [ [ 106.574141, -5.655996 ], [ 106.573855, -5.653326 ], [ 106.573896, -5.653254 ], [ 106.573976, -5.653182 ], [ 106.574125, -5.653147 ], [ 106.574311, -5.653140 ], [ 106.574563, -5.653151 ], [ 106.574837, -5.653185 ], [ 106.574985, -5.653220 ], [ 106.575153, -5.653242 ], [ 106.575351, -5.653292 ], [ 106.575579, -5.653364 ], [ 106.575703, -5.653427 ], [ 106.575650, -5.653350 ], [ 106.575692, -5.653219 ], [ 106.575698, -5.653204 ], [ 106.575617, -5.653284 ], [ 106.575560, -5.653284 ], [ 106.575450, -5.653254 ], [ 106.575210, -5.653201 ], [ 106.574833, -5.653094 ], [ 106.574505, -5.653044 ], [ 106.574281, -5.653033 ], [ 106.574094, -5.653041 ], [ 106.573927, -5.653079 ], [ 106.573755, -5.653117 ], [ 106.573808, -5.653588 ], [ 106.573799, -5.653589 ], [ 106.574079, -5.655944 ], [ 106.573841, -5.656310 ], [ 106.573778, -5.656312 ], [ 106.573753, -5.656406 ], [ 106.573402, -5.656466 ], [ 106.573262, -5.656329 ], [ 106.573256, -5.656329 ], [ 106.573279, -5.656738 ], [ 106.574031, -5.656715 ], [ 106.574008, -5.656577 ], [ 106.573893, -5.656396 ], [ 106.574141, -5.655996 ] ], [ [ 106.567137, -5.656425 ], [ 106.567422, -5.656257 ], [ 106.567694, -5.656097 ], [ 106.568014, -5.655857 ], [ 106.568315, -5.655665 ], [ 106.568388, -5.655619 ], [ 106.568477, -5.655590 ], [ 106.568609, -5.655546 ], [ 106.568762, -5.655498 ], [ 106.568851, -5.655381 ], [ 106.568929, -5.655279 ], [ 106.569105, -5.655129 ], [ 106.569105, -5.655129 ], [ 106.569189, -5.654769 ], [ 106.569189, -5.654769 ], [ 106.569387, -5.654408 ], [ 106.569509, -5.654285 ], [ 106.569654, -5.654221 ], [ 106.569780, -5.654249 ], [ 106.569781, -5.654249 ], [ 106.569781, -5.654249 ], [ 106.569822, -5.654258 ], [ 106.570021, -5.654322 ], [ 106.571302, -5.653621 ], [ 106.571302, -5.653621 ], [ 106.571329, -5.653581 ], [ 106.571329, -5.653580 ], [ 106.571455, -5.653394 ], [ 106.571532, -5.653293 ], [ 106.571532, -5.653293 ], [ 106.571714, -5.653212 ], [ 106.572045, -5.653109 ], [ 106.572157, -5.653074 ], [ 106.572287, -5.653032 ], [ 106.572287, -5.653032 ], [ 106.572307, -5.653013 ], [ 106.572539, -5.652866 ], [ 106.572613, -5.652819 ], [ 106.572618, -5.652751 ], [ 106.572638, -5.652497 ], [ 106.572641, -5.652457 ], [ 106.572613, -5.652346 ], [ 106.572434, -5.652123 ], [ 106.572434, -5.652123 ], [ 106.572233, -5.652095 ], [ 106.571859, -5.652111 ], [ 106.571292, -5.652282 ], [ 106.571291, -5.652283 ], [ 106.571124, -5.652333 ], [ 106.570989, -5.652374 ], [ 106.570839, -5.652412 ], [ 106.570787, -5.652425 ], [ 106.570631, -5.652465 ], [ 106.570592, -5.652465 ], [ 106.570288, -5.652465 ], [ 106.570187, -5.652435 ], [ 106.570059, -5.652398 ], [ 106.569923, -5.652352 ], [ 106.569883, -5.652338 ], [ 106.569842, -5.652345 ], [ 106.569664, -5.652375 ], [ 106.569578, -5.652389 ], [ 106.569505, -5.652422 ], [ 106.569387, -5.652475 ], [ 106.569241, -5.652662 ], [ 106.569241, -5.652662 ], [ 106.569113, -5.652825 ], [ 106.568991, -5.652950 ], [ 106.568991, -5.652950 ], [ 106.568792, -5.653018 ], [ 106.568441, -5.653129 ], [ 106.568369, -5.653141 ], [ 106.568369, -5.653141 ], [ 106.568029, -5.653198 ], [ 106.568028, -5.653198 ], [ 106.567926, -5.653215 ], [ 106.568027, -5.653195 ], [ 106.568028, -5.653195 ], [ 106.568026, -5.653188 ], [ 106.567921, -5.653216 ], [ 106.567739, -5.653246 ], [ 106.567503, -5.653293 ], [ 106.567350, -5.653400 ], [ 106.567327, -5.653419 ], [ 106.567108, -5.653571 ], [ 106.567076, -5.653593 ], [ 106.566832, -5.653768 ], [ 106.566831, -5.653768 ], [ 106.566534, -5.653981 ], [ 106.566513, -5.654006 ], [ 106.566474, -5.654052 ], [ 106.566513, -5.654005 ], [ 106.566460, -5.653916 ], [ 106.566636, -5.653835 ], [ 106.566503, -5.653692 ], [ 106.566460, -5.653651 ], [ 106.566372, -5.653699 ], [ 106.566058, -5.653195 ], [ 106.566087, -5.653133 ], [ 106.566101, -5.653033 ], [ 106.566106, -5.652990 ], [ 106.566063, -5.652995 ], [ 106.565949, -5.653119 ], [ 106.565882, -5.653242 ], [ 106.565830, -5.653357 ], [ 106.565796, -5.653447 ], [ 106.565849, -5.653552 ], [ 106.565901, -5.653618 ], [ 106.565944, -5.653747 ], [ 106.565968, -5.653809 ], [ 106.566025, -5.653880 ], [ 106.566092, -5.653932 ], [ 106.566106, -5.653980 ], [ 106.565706, -5.654294 ], [ 106.565752, -5.654402 ], [ 106.565756, -5.654397 ], [ 106.565851, -5.654402 ], [ 106.565937, -5.654378 ], [ 106.565937, -5.654273 ], [ 106.565994, -5.654168 ], [ 106.566065, -5.654073 ], [ 106.566322, -5.653945 ], [ 106.566438, -5.654093 ], [ 106.566438, -5.654093 ], [ 106.566436, -5.654096 ], [ 106.566435, -5.654097 ], [ 106.566400, -5.654145 ], [ 106.566297, -5.654287 ], [ 106.566107, -5.654426 ], [ 106.565594, -5.654692 ], [ 106.565473, -5.654754 ], [ 106.565435, -5.654774 ], [ 106.565288, -5.654952 ], [ 106.565247, -5.655002 ], [ 106.565237, -5.655014 ], [ 106.565237, -5.655014 ], [ 106.565235, -5.655015 ], [ 106.565079, -5.655150 ], [ 106.564863, -5.655336 ], [ 106.564619, -5.655547 ], [ 106.564436, -5.655718 ], [ 106.564436, -5.655718 ], [ 106.564344, -5.655873 ], [ 106.564332, -5.656031 ], [ 106.564329, -5.656079 ], [ 106.564329, -5.656079 ], [ 106.564331, -5.656088 ], [ 106.564359, -5.656196 ], [ 106.564359, -5.656196 ], [ 106.564369, -5.656200 ], [ 106.564370, -5.656201 ], [ 106.564376, -5.656204 ], [ 106.564596, -5.656299 ], [ 106.565871, -5.656443 ], [ 106.566389, -5.656549 ], [ 106.566656, -5.656635 ], [ 106.567137, -5.656425 ] ], [ [ 106.570769, -5.652387 ], [ 106.570787, -5.652425 ], [ 106.570839, -5.652412 ], [ 106.570770, -5.652386 ], [ 106.570769, -5.652387 ] ], [ [ 106.572856, -5.652807 ], [ 106.572889, -5.652864 ], [ 106.572961, -5.652864 ], [ 106.573013, -5.652569 ], [ 106.573132, -5.652598 ], [ 106.573108, -5.652779 ], [ 106.573174, -5.652811 ], [ 106.573230, -5.652519 ], [ 106.573092, -5.652481 ], [ 106.573030, -5.652510 ], [ 106.572973, -5.652629 ], [ 106.572893, -5.652629 ], [ 106.572899, -5.652631 ], [ 106.572856, -5.652807 ] ], [ [ 106.572030, -5.654716 ], [ 106.571916, -5.654723 ], [ 106.571931, -5.654723 ], [ 106.571775, -5.654758 ], [ 106.571660, -5.654807 ], [ 106.571653, -5.654872 ], [ 106.571649, -5.654994 ], [ 106.571649, -5.655123 ], [ 106.571649, -5.655287 ], [ 106.571672, -5.655466 ], [ 106.571702, -5.655595 ], [ 106.571721, -5.655759 ], [ 106.571752, -5.655804 ], [ 106.571805, -5.655820 ], [ 106.571866, -5.655804 ], [ 106.571908, -5.655759 ], [ 106.571973, -5.655610 ], [ 106.572015, -5.655462 ], [ 106.572056, -5.655256 ], [ 106.572094, -5.655028 ], [ 106.572117, -5.654853 ], [ 106.572087, -5.654746 ], [ 106.572030, -5.654716 ] ], [ [ 106.568586, -5.656103 ], [ 106.568486, -5.656189 ], [ 106.568391, -5.656243 ], [ 106.568335, -5.656153 ], [ 106.568140, -5.656220 ], [ 106.568228, -5.656373 ], [ 106.568618, -5.656168 ], [ 106.568586, -5.656103 ] ], [ [ 106.565709, -5.663064 ], [ 106.565862, -5.663193 ], [ 106.566388, -5.663164 ], [ 106.566525, -5.663114 ], [ 106.566673, -5.663039 ], [ 106.566701, -5.663025 ], [ 106.567050, -5.662863 ], [ 106.567085, -5.662847 ], [ 106.567220, -5.662784 ], [ 106.568006, -5.662368 ], [ 106.568165, -5.662305 ], [ 106.568273, -5.662262 ], [ 106.568369, -5.662230 ], [ 106.568540, -5.662174 ], [ 106.568540, -5.662174 ], [ 106.568614, -5.662092 ], [ 106.568852, -5.661830 ], [ 106.569386, -5.661224 ], [ 106.569798, -5.660917 ], [ 106.570226, -5.660729 ], [ 106.570261, -5.660707 ], [ 106.570416, -5.660606 ], [ 106.570505, -5.660512 ], [ 106.570531, -5.660485 ], [ 106.570539, -5.660437 ], [ 106.570539, -5.660436 ], [ 106.570546, -5.660397 ], [ 106.570546, -5.660397 ], [ 106.570173, -5.660079 ], [ 106.569936, -5.659962 ], [ 106.569772, -5.659932 ], [ 106.569715, -5.659921 ], [ 106.568929, -5.660218 ], [ 106.568903, -5.660229 ], [ 106.568868, -5.660244 ], [ 106.568863, -5.660246 ], [ 106.568845, -5.660252 ], [ 106.568341, -5.660609 ], [ 106.567822, -5.661163 ], [ 106.567601, -5.661385 ], [ 106.566472, -5.662012 ], [ 106.565991, -5.662398 ], [ 106.565778, -5.662569 ], [ 106.565764, -5.662577 ], [ 106.565534, -5.662704 ], [ 106.565457, -5.662766 ], [ 106.565457, -5.662766 ], [ 106.565607, -5.662944 ], [ 106.565709, -5.663064 ] ], [ [ 106.567406, -5.663073 ], [ 106.566460, -5.663566 ], [ 106.566019, -5.663774 ], [ 106.565883, -5.663756 ], [ 106.565991, -5.663995 ], [ 106.566419, -5.663811 ], [ 106.566390, -5.663726 ], [ 106.568373, -5.662661 ], [ 106.570391, -5.661043 ], [ 106.570362, -5.660922 ], [ 106.570338, -5.660977 ], [ 106.570121, -5.661143 ], [ 106.569607, -5.661447 ], [ 106.569093, -5.661904 ], [ 106.568774, -5.662245 ], [ 106.568607, -5.662388 ], [ 106.568437, -5.662552 ], [ 106.568161, -5.662666 ], [ 106.567494, -5.663046 ], [ 106.567406, -5.663073 ] ], [ [ 106.565395, -5.663405 ], [ 106.565379, -5.663319 ], [ 106.565305, -5.663591 ], [ 106.565389, -5.663501 ], [ 106.565395, -5.663405 ] ], [ [ 106.567605, -5.667576 ], [ 106.567644, -5.667608 ], [ 106.567751, -5.667606 ], [ 106.567778, -5.667598 ], [ 106.568028, -5.667580 ], [ 106.568320, -5.667533 ], [ 106.568510, -5.667497 ], [ 106.568682, -5.667378 ], [ 106.568807, -5.667168 ], [ 106.568807, -5.667041 ], [ 106.568808, -5.666990 ], [ 106.568808, -5.666933 ], [ 106.568780, -5.666896 ], [ 106.568741, -5.666847 ], [ 106.568647, -5.666759 ], [ 106.568575, -5.666708 ], [ 106.568478, -5.666703 ], [ 106.568409, -5.666700 ], [ 106.568248, -5.666724 ], [ 106.568009, -5.666825 ], [ 106.567897, -5.667021 ], [ 106.567787, -5.667117 ], [ 106.567784, -5.667120 ], [ 106.567671, -5.667241 ], [ 106.567594, -5.667307 ], [ 106.567528, -5.667372 ], [ 106.567516, -5.667467 ], [ 106.567582, -5.667556 ], [ 106.567605, -5.667576 ] ], [ [ 106.559795, -5.669518 ], [ 106.560009, -5.669548 ], [ 106.560343, -5.669495 ], [ 106.560592, -5.669423 ], [ 106.560741, -5.669322 ], [ 106.560890, -5.669191 ], [ 106.560959, -5.669117 ], [ 106.560969, -5.669090 ], [ 106.560946, -5.669015 ], [ 106.560941, -5.669011 ], [ 106.560919, -5.668996 ], [ 106.560817, -5.668951 ], [ 106.560598, -5.668873 ], [ 106.560451, -5.668850 ], [ 106.560426, -5.668849 ], [ 106.560374, -5.668847 ], [ 106.560071, -5.668848 ], [ 106.559973, -5.668850 ], [ 106.559972, -5.668850 ], [ 106.559928, -5.668851 ], [ 106.559908, -5.668858 ], [ 106.559726, -5.668927 ], [ 106.559602, -5.668996 ], [ 106.559486, -5.669156 ], [ 106.559506, -5.669259 ], [ 106.559510, -5.669281 ], [ 106.559605, -5.669405 ], [ 106.559795, -5.669518 ] ], [ [ 106.583616, -5.668954 ], [ 106.582556, -5.669023 ], [ 106.582291, -5.669018 ], [ 106.581711, -5.669056 ], [ 106.581617, -5.669069 ], [ 106.581289, -5.669083 ], [ 106.580806, -5.669164 ], [ 106.580504, -5.669283 ], [ 106.580149, -5.669351 ], [ 106.579896, -5.669493 ], [ 106.579545, -5.669850 ], [ 106.579494, -5.669928 ], [ 106.579342, -5.670158 ], [ 106.579199, -5.670346 ], [ 106.579056, -5.670535 ], [ 106.579023, -5.670586 ], [ 106.579014, -5.670601 ], [ 106.578893, -5.670794 ], [ 106.578828, -5.670903 ], [ 106.578827, -5.670904 ], [ 106.578813, -5.670928 ], [ 106.578777, -5.671023 ], [ 106.578795, -5.671056 ], [ 106.578857, -5.671216 ], [ 106.579002, -5.671292 ], [ 106.579103, -5.671345 ], [ 106.579226, -5.671360 ], [ 106.579390, -5.671324 ], [ 106.579547, -5.671253 ], [ 106.579847, -5.671182 ], [ 106.579990, -5.671110 ], [ 106.580422, -5.670990 ], [ 106.580561, -5.670967 ], [ 106.580775, -5.670896 ], [ 106.581161, -5.670753 ], [ 106.581437, -5.670693 ], [ 106.581602, -5.670617 ], [ 106.581834, -5.670534 ], [ 106.582262, -5.670469 ], [ 106.582531, -5.670411 ], [ 106.582945, -5.670368 ], [ 106.583302, -5.670325 ], [ 106.583459, -5.670296 ], [ 106.584235, -5.670083 ], [ 106.584641, -5.669862 ], [ 106.584673, -5.669834 ], [ 106.584701, -5.669811 ], [ 106.584901, -5.669625 ], [ 106.584913, -5.669594 ], [ 106.584951, -5.669497 ], [ 106.584944, -5.669295 ], [ 106.584942, -5.669258 ], [ 106.584887, -5.669154 ], [ 106.584544, -5.668983 ], [ 106.584144, -5.668940 ], [ 106.583616, -5.668954 ] ], [ [ 106.586430, -5.679242 ], [ 106.586511, -5.679261 ], [ 106.586682, -5.679252 ], [ 106.586844, -5.679375 ], [ 106.586992, -5.679532 ], [ 106.587049, -5.679651 ], [ 106.587220, -5.679685 ], [ 106.587230, -5.679542 ], [ 106.587268, -5.679461 ], [ 106.587353, -5.679423 ], [ 106.587468, -5.679480 ], [ 106.587644, -5.679494 ], [ 106.587796, -5.679497 ], [ 106.588337, -5.679381 ], [ 106.588430, -5.679345 ], [ 106.588596, -5.679232 ], [ 106.588718, -5.679092 ], [ 106.588782, -5.678959 ], [ 106.588744, -5.678866 ], [ 106.588689, -5.678803 ], [ 106.588662, -5.678773 ], [ 106.588660, -5.678772 ], [ 106.588659, -5.678771 ], [ 106.588657, -5.678770 ], [ 106.588558, -5.678713 ], [ 106.588298, -5.678625 ], [ 106.588232, -5.678613 ], [ 106.587980, -5.678636 ], [ 106.587931, -5.678652 ], [ 106.587880, -5.678670 ], [ 106.587694, -5.678738 ], [ 106.587394, -5.678792 ], [ 106.587211, -5.678883 ], [ 106.586961, -5.678936 ], [ 106.586824, -5.679043 ], [ 106.586821, -5.679048 ], [ 106.586820, -5.679049 ], [ 106.586759, -5.679139 ], [ 106.586701, -5.679171 ], [ 106.586430, -5.679180 ], [ 106.586430, -5.679242 ] ], [ [ 106.561579, -5.686135 ], [ 106.561636, -5.686175 ], [ 106.561770, -5.686142 ], [ 106.561927, -5.686033 ], [ 106.562055, -5.685933 ], [ 106.562203, -5.685847 ], [ 106.562173, -5.685776 ], [ 106.562311, -5.685685 ], [ 106.562493, -5.685561 ], [ 106.562636, -5.685376 ], [ 106.562793, -5.685190 ], [ 106.562864, -5.684971 ], [ 106.562883, -5.684824 ], [ 106.562840, -5.684770 ], [ 106.562813, -5.684768 ], [ 106.562796, -5.684767 ], [ 106.562421, -5.684997 ], [ 106.561907, -5.685577 ], [ 106.561696, -5.685852 ], [ 106.561567, -5.686093 ], [ 106.561572, -5.686130 ], [ 106.561579, -5.686135 ] ], [ [ 106.531188, -5.690616 ], [ 106.531359, -5.690666 ], [ 106.531581, -5.690538 ], [ 106.531766, -5.690402 ], [ 106.531923, -5.690381 ], [ 106.532166, -5.690416 ], [ 106.532380, -5.690366 ], [ 106.532587, -5.690288 ], [ 106.532673, -5.690145 ], [ 106.532694, -5.689981 ], [ 106.532680, -5.689674 ], [ 106.532659, -5.689517 ], [ 106.532579, -5.689480 ], [ 106.532551, -5.689467 ], [ 106.532366, -5.689381 ], [ 106.532030, -5.689374 ], [ 106.531666, -5.689445 ], [ 106.531438, -5.689581 ], [ 106.531281, -5.689809 ], [ 106.531239, -5.689872 ], [ 106.531239, -5.689872 ], [ 106.531081, -5.690109 ], [ 106.531017, -5.690202 ], [ 106.531017, -5.690373 ], [ 106.531060, -5.690530 ], [ 106.531188, -5.690616 ] ], [ [ 106.537852, -5.701654 ], [ 106.539924, -5.701880 ], [ 106.540579, -5.701866 ], [ 106.540935, -5.701818 ], [ 106.541966, -5.701543 ], [ 106.542122, -5.701508 ], [ 106.542194, -5.701381 ], [ 106.542774, -5.701152 ], [ 106.543088, -5.700936 ], [ 106.543355, -5.700629 ], [ 106.543459, -5.700445 ], [ 106.543479, -5.700410 ], [ 106.543521, -5.700284 ], [ 106.543498, -5.700068 ], [ 106.543365, -5.699887 ], [ 106.543031, -5.699727 ], [ 106.542098, -5.699720 ], [ 106.542006, -5.699719 ], [ 106.541000, -5.699712 ], [ 106.539733, -5.699755 ], [ 106.539122, -5.699780 ], [ 106.537626, -5.699682 ], [ 106.537563, -5.699679 ], [ 106.537178, -5.699656 ], [ 106.536615, -5.699552 ], [ 106.536244, -5.699491 ], [ 106.535577, -5.699338 ], [ 106.535153, -5.699281 ], [ 106.535042, -5.699285 ], [ 106.535000, -5.699286 ], [ 106.534808, -5.699295 ], [ 106.534359, -5.699485 ], [ 106.534179, -5.699608 ], [ 106.533987, -5.699878 ], [ 106.533978, -5.699898 ], [ 106.533864, -5.700172 ], [ 106.533854, -5.700350 ], [ 106.533919, -5.700562 ], [ 106.534211, -5.700921 ], [ 106.534396, -5.701081 ], [ 106.534702, -5.701233 ], [ 106.535072, -5.701313 ], [ 106.535697, -5.701348 ], [ 106.536170, -5.701356 ], [ 106.536682, -5.701435 ], [ 106.537852, -5.701654 ] ], [ [ 106.576329, -5.709028 ], [ 106.576349, -5.709040 ], [ 106.576357, -5.709035 ], [ 106.576357, -5.709035 ], [ 106.576429, -5.708983 ], [ 106.576458, -5.708864 ], [ 106.576455, -5.708471 ], [ 106.576333, -5.708152 ], [ 106.576334, -5.707901 ], [ 106.576318, -5.707798 ], [ 106.576289, -5.707741 ], [ 106.576201, -5.707701 ], [ 106.576114, -5.707710 ], [ 106.576069, -5.707722 ], [ 106.576065, -5.707728 ], [ 106.576024, -5.707785 ], [ 106.576026, -5.707797 ], [ 106.576045, -5.707884 ], [ 106.575993, -5.708084 ], [ 106.575998, -5.708177 ], [ 106.576051, -5.708700 ], [ 106.576135, -5.708745 ], [ 106.576188, -5.708774 ], [ 106.576221, -5.708850 ], [ 106.576273, -5.708993 ], [ 106.576329, -5.709028 ], [ 106.576329, -5.709028 ] ], [ [ 106.565415, -5.710954 ], [ 106.565658, -5.711002 ], [ 106.565958, -5.711002 ], [ 106.566081, -5.710935 ], [ 106.566134, -5.710821 ], [ 106.566101, -5.710740 ], [ 106.566046, -5.710686 ], [ 106.566045, -5.710684 ], [ 106.566039, -5.710678 ], [ 106.565834, -5.710635 ], [ 106.565663, -5.710640 ], [ 106.565496, -5.710669 ], [ 106.565391, -5.710688 ], [ 106.565311, -5.710745 ], [ 106.565325, -5.710873 ], [ 106.565415, -5.710954 ] ], [ [ 106.570391, -5.730264 ], [ 106.570747, -5.730283 ], [ 106.571025, -5.730279 ], [ 106.571026, -5.730279 ], [ 106.571027, -5.730279 ], [ 106.571185, -5.730233 ], [ 106.571187, -5.730232 ], [ 106.571188, -5.730232 ], [ 106.571649, -5.729990 ], [ 106.571952, -5.729795 ], [ 106.571952, -5.729794 ], [ 106.571956, -5.729792 ], [ 106.572007, -5.729734 ], [ 106.572011, -5.729726 ], [ 106.572011, -5.729726 ], [ 106.572020, -5.729710 ], [ 106.572035, -5.729668 ], [ 106.572045, -5.729643 ], [ 106.572045, -5.729643 ], [ 106.572046, -5.729643 ], [ 106.572062, -5.729603 ], [ 106.572032, -5.729483 ], [ 106.571994, -5.729444 ], [ 106.571976, -5.729380 ], [ 106.571976, -5.729380 ], [ 106.571976, -5.729380 ], [ 106.571863, -5.729349 ], [ 106.571862, -5.729349 ], [ 106.571862, -5.729349 ], [ 106.571862, -5.729349 ], [ 106.571862, -5.729349 ], [ 106.571802, -5.729333 ], [ 106.571802, -5.729333 ], [ 106.571802, -5.729333 ], [ 106.571612, -5.729362 ], [ 106.570719, -5.729813 ], [ 106.570352, -5.730073 ], [ 106.570286, -5.730154 ], [ 106.570281, -5.730221 ], [ 106.570391, -5.730264 ] ], [ [ 106.599754, -5.736114 ], [ 106.599907, -5.736184 ], [ 106.600994, -5.736084 ], [ 106.601002, -5.736083 ], [ 106.601010, -5.736081 ], [ 106.601189, -5.736045 ], [ 106.601344, -5.736014 ], [ 106.601972, -5.735764 ], [ 106.602656, -5.735434 ], [ 106.602962, -5.735226 ], [ 106.603277, -5.734852 ], [ 106.603353, -5.734708 ], [ 106.603346, -5.734446 ], [ 106.603346, -5.734444 ], [ 106.603346, -5.734442 ], [ 106.603296, -5.734242 ], [ 106.603215, -5.734168 ], [ 106.603214, -5.734167 ], [ 106.603210, -5.734163 ], [ 106.603203, -5.734165 ], [ 106.603202, -5.734165 ], [ 106.603103, -5.734185 ], [ 106.602882, -5.734306 ], [ 106.602539, -5.734335 ], [ 106.601932, -5.734206 ], [ 106.601511, -5.734092 ], [ 106.601011, -5.734035 ], [ 106.600597, -5.734078 ], [ 106.600083, -5.734349 ], [ 106.598950, -5.735175 ], [ 106.598911, -5.735195 ], [ 106.598855, -5.735224 ], [ 106.598727, -5.735298 ], [ 106.598664, -5.735427 ], [ 106.598678, -5.735495 ], [ 106.598997, -5.735670 ], [ 106.599754, -5.736114 ] ], [ [ 106.609388, -5.737290 ], [ 106.609382, -5.737469 ], [ 106.609384, -5.737493 ], [ 106.609321, -5.737658 ], [ 106.609321, -5.737761 ], [ 106.609389, -5.737830 ], [ 106.609503, -5.737921 ], [ 106.609635, -5.737995 ], [ 106.609732, -5.737995 ], [ 106.609754, -5.737949 ], [ 106.609823, -5.737801 ], [ 106.609892, -5.737635 ], [ 106.609919, -5.737599 ], [ 106.609934, -5.737469 ], [ 106.609935, -5.737465 ], [ 106.609920, -5.737418 ], [ 106.609903, -5.737224 ], [ 106.609955, -5.737030 ], [ 106.609993, -5.736882 ], [ 106.610006, -5.736876 ], [ 106.610010, -5.736864 ], [ 106.610017, -5.736842 ], [ 106.609515, -5.736699 ], [ 106.609412, -5.736870 ], [ 106.609326, -5.737121 ], [ 106.609286, -5.737247 ], [ 106.609388, -5.737290 ] ], [ [ 106.602024, -5.737398 ], [ 106.601661, -5.737344 ], [ 106.601003, -5.737445 ], [ 106.600791, -5.737456 ], [ 106.600636, -5.737464 ], [ 106.600519, -5.737470 ], [ 106.600096, -5.737494 ], [ 106.599666, -5.737545 ], [ 106.599603, -5.737552 ], [ 106.599598, -5.737554 ], [ 106.599592, -5.737555 ], [ 106.598917, -5.737745 ], [ 106.598729, -5.737846 ], [ 106.598468, -5.737987 ], [ 106.598205, -5.738163 ], [ 106.598106, -5.738243 ], [ 106.598084, -5.738262 ], [ 106.597893, -5.738528 ], [ 106.597928, -5.738601 ], [ 106.598151, -5.738670 ], [ 106.598271, -5.738844 ], [ 106.598301, -5.738945 ], [ 106.598604, -5.739046 ], [ 106.598955, -5.739267 ], [ 106.599110, -5.739338 ], [ 106.599248, -5.739452 ], [ 106.599384, -5.739421 ], [ 106.599550, -5.739380 ], [ 106.599687, -5.739409 ], [ 106.599782, -5.739487 ], [ 106.599836, -5.739671 ], [ 106.599913, -5.739784 ], [ 106.600044, -5.739802 ], [ 106.600104, -5.739701 ], [ 106.600115, -5.739564 ], [ 106.600175, -5.739391 ], [ 106.600300, -5.739296 ], [ 106.600550, -5.739284 ], [ 106.600877, -5.739344 ], [ 106.601169, -5.739438 ], [ 106.601481, -5.739737 ], [ 106.601742, -5.740147 ], [ 106.602103, -5.740504 ], [ 106.602359, -5.740687 ], [ 106.602617, -5.741007 ], [ 106.602816, -5.741111 ], [ 106.603149, -5.741438 ], [ 106.603292, -5.741723 ], [ 106.603417, -5.742092 ], [ 106.603727, -5.742536 ], [ 106.603815, -5.742663 ], [ 106.603946, -5.742693 ], [ 106.603958, -5.742579 ], [ 106.603777, -5.742140 ], [ 106.603575, -5.741542 ], [ 106.603468, -5.741293 ], [ 106.603331, -5.740767 ], [ 106.603287, -5.740600 ], [ 106.603187, -5.740275 ], [ 106.602916, -5.739224 ], [ 106.602878, -5.739076 ], [ 106.602684, -5.738332 ], [ 106.602389, -5.737778 ], [ 106.602345, -5.737695 ], [ 106.602024, -5.737398 ] ], [ [ 106.618954, -5.739725 ], [ 106.618980, -5.739751 ], [ 106.619020, -5.739734 ], [ 106.619068, -5.739720 ], [ 106.619111, -5.739717 ], [ 106.619128, -5.739708 ], [ 106.619143, -5.739643 ], [ 106.619128, -5.739597 ], [ 106.619097, -5.739557 ], [ 106.619074, -5.739531 ], [ 106.619048, -5.739508 ], [ 106.619003, -5.739500 ], [ 106.618960, -5.739514 ], [ 106.618948, -5.739540 ], [ 106.618977, -5.739568 ], [ 106.618986, -5.739594 ], [ 106.618986, -5.739617 ], [ 106.618974, -5.739657 ], [ 106.618951, -5.739705 ], [ 106.618954, -5.739725 ] ], [ [ 106.614077, -5.742273 ], [ 106.613871, -5.742870 ], [ 106.613859, -5.742908 ], [ 106.613849, -5.742939 ], [ 106.613839, -5.742970 ], [ 106.613833, -5.742989 ], [ 106.613712, -5.743197 ], [ 106.613597, -5.743396 ], [ 106.613498, -5.743574 ], [ 106.613408, -5.743735 ], [ 106.613391, -5.743766 ], [ 106.613391, -5.743767 ], [ 106.613390, -5.743769 ], [ 106.613299, -5.743994 ], [ 106.613253, -5.744104 ], [ 106.613070, -5.744579 ], [ 106.613051, -5.744628 ], [ 106.613040, -5.744655 ], [ 106.613024, -5.744700 ], [ 106.613009, -5.744743 ], [ 106.612971, -5.744846 ], [ 106.612964, -5.744864 ], [ 106.612925, -5.744971 ], [ 106.612880, -5.745093 ], [ 106.612819, -5.745341 ], [ 106.612788, -5.745466 ], [ 106.612756, -5.745575 ], [ 106.612747, -5.745605 ], [ 106.612697, -5.745777 ], [ 106.612666, -5.745956 ], [ 106.612695, -5.745787 ], [ 106.612695, -5.745786 ], [ 106.612696, -5.745777 ], [ 106.612747, -5.745604 ], [ 106.612757, -5.745564 ], [ 106.612784, -5.745466 ], [ 106.612880, -5.745093 ], [ 106.612925, -5.744971 ], [ 106.612897, -5.745014 ], [ 106.612511, -5.744941 ], [ 106.612420, -5.745288 ], [ 106.612368, -5.745493 ], [ 106.612225, -5.745859 ], [ 106.612159, -5.746040 ], [ 106.612547, -5.746160 ], [ 106.612544, -5.746182 ], [ 106.612445, -5.746350 ], [ 106.612441, -5.746357 ], [ 106.612346, -5.746549 ], [ 106.612320, -5.746647 ], [ 106.612315, -5.746666 ], [ 106.612281, -5.746748 ], [ 106.612221, -5.746806 ], [ 106.612168, -5.746944 ], [ 106.612140, -5.746997 ], [ 106.611607, -5.746787 ], [ 106.611692, -5.746563 ], [ 106.611759, -5.746349 ], [ 106.611807, -5.746245 ], [ 106.611707, -5.746207 ], [ 106.611640, -5.746444 ], [ 106.611516, -5.746711 ], [ 106.611426, -5.746930 ], [ 106.611483, -5.747068 ], [ 106.611811, -5.747239 ], [ 106.611906, -5.747344 ], [ 106.611918, -5.747388 ], [ 106.611935, -5.747458 ], [ 106.611883, -5.747634 ], [ 106.611822, -5.747857 ], [ 106.611628, -5.748324 ], [ 106.611529, -5.748566 ], [ 106.611522, -5.748631 ], [ 106.611507, -5.748653 ], [ 106.611464, -5.748957 ], [ 106.611450, -5.749119 ], [ 106.611473, -5.749228 ], [ 106.611483, -5.749243 ], [ 106.611473, -5.749215 ], [ 106.611497, -5.749013 ], [ 106.611547, -5.748891 ], [ 106.611566, -5.748946 ], [ 106.611613, -5.749088 ], [ 106.611705, -5.749210 ], [ 106.611705, -5.749210 ], [ 106.611745, -5.749229 ], [ 106.611949, -5.749325 ], [ 106.612414, -5.749296 ], [ 106.612550, -5.749255 ], [ 106.612597, -5.749241 ], [ 106.612597, -5.749241 ], [ 106.613284, -5.748608 ], [ 106.613372, -5.748523 ], [ 106.613372, -5.748523 ], [ 106.613604, -5.748300 ], [ 106.614176, -5.747746 ], [ 106.614436, -5.747440 ], [ 106.614472, -5.747360 ], [ 106.614627, -5.747013 ], [ 106.614726, -5.746698 ], [ 106.614825, -5.746537 ], [ 106.614840, -5.746518 ], [ 106.614985, -5.746342 ], [ 106.615191, -5.745892 ], [ 106.615213, -5.745823 ], [ 106.615222, -5.745795 ], [ 106.615299, -5.745642 ], [ 106.615299, -5.745641 ], [ 106.615299, -5.745641 ], [ 106.615542, -5.745159 ], [ 106.615564, -5.745116 ], [ 106.615565, -5.745114 ], [ 106.615565, -5.745114 ], [ 106.615588, -5.745064 ], [ 106.615908, -5.744329 ], [ 106.615972, -5.744034 ], [ 106.616008, -5.743867 ], [ 106.616099, -5.743082 ], [ 106.616145, -5.742686 ], [ 106.616130, -5.742614 ], [ 106.616053, -5.742233 ], [ 106.616026, -5.742173 ], [ 106.615947, -5.742000 ], [ 106.615817, -5.741856 ], [ 106.615818, -5.741848 ], [ 106.615800, -5.741841 ], [ 106.615768, -5.741826 ], [ 106.615417, -5.741660 ], [ 106.615041, -5.741614 ], [ 106.615040, -5.741614 ], [ 106.614802, -5.741683 ], [ 106.614422, -5.741873 ], [ 106.614337, -5.741916 ], [ 106.614276, -5.741973 ], [ 106.614276, -5.741973 ], [ 106.614275, -5.741974 ], [ 106.614161, -5.742089 ], [ 106.614077, -5.742273 ] ], [ [ 106.614827, -5.748124 ], [ 106.614884, -5.748148 ], [ 106.614975, -5.748139 ], [ 106.615032, -5.748119 ], [ 106.615079, -5.747677 ], [ 106.614901, -5.747564 ], [ 106.614846, -5.747529 ], [ 106.615284, -5.746730 ], [ 106.616079, -5.747149 ], [ 106.615780, -5.747616 ], [ 106.615588, -5.747915 ], [ 106.615436, -5.747858 ], [ 106.615391, -5.747917 ], [ 106.615384, -5.747939 ], [ 106.615374, -5.747981 ], [ 106.615389, -5.748010 ], [ 106.615422, -5.748034 ], [ 106.615479, -5.748024 ], [ 106.615617, -5.748006 ], [ 106.615636, -5.748010 ], [ 106.615741, -5.747910 ], [ 106.615845, -5.747820 ], [ 106.615907, -5.747753 ], [ 106.615955, -5.747720 ], [ 106.616031, -5.747705 ], [ 106.616085, -5.747634 ], [ 106.616131, -5.747572 ], [ 106.616202, -5.747448 ], [ 106.616226, -5.747330 ], [ 106.616236, -5.747220 ], [ 106.616188, -5.747096 ], [ 106.616107, -5.746987 ], [ 106.615988, -5.746939 ], [ 106.615879, -5.746877 ], [ 106.615788, -5.746844 ], [ 106.615622, -5.746811 ], [ 106.615587, -5.746789 ], [ 106.615227, -5.746644 ], [ 106.615174, -5.746706 ], [ 106.615032, -5.746614 ], [ 106.614953, -5.746788 ], [ 106.614806, -5.746965 ], [ 106.614798, -5.746975 ], [ 106.614790, -5.746984 ], [ 106.614693, -5.747144 ], [ 106.614598, -5.747452 ], [ 106.614603, -5.747458 ], [ 106.614754, -5.747555 ], [ 106.615022, -5.747729 ], [ 106.614932, -5.748010 ], [ 106.614837, -5.748053 ], [ 106.614827, -5.748124 ] ] ] } }
,
{ "type": "Feature", "properties": { "Fungsi": "TWA" }, "geometry": { "type": "Polygon", "coordinates": [ [ [ 106.737657, -6.100007 ], [ 106.737517, -6.100231 ], [ 106.737516, -6.100232 ], [ 106.737459, -6.100323 ], [ 106.737439, -6.100354 ], [ 106.737261, -6.100639 ], [ 106.737128, -6.101130 ], [ 106.737122, -6.101153 ], [ 106.737084, -6.101813 ], [ 106.737078, -6.101910 ], [ 106.737121, -6.102662 ], [ 106.737127, -6.102773 ], [ 106.737210, -6.103457 ], [ 106.737273, -6.103733 ], [ 106.737287, -6.103794 ], [ 106.737306, -6.103881 ], [ 106.737371, -6.104295 ], [ 106.737382, -6.104825 ], [ 106.737340, -6.105206 ], [ 106.736834, -6.106506 ], [ 106.736384, -6.107004 ], [ 106.736309, -6.107105 ], [ 106.735986, -6.107534 ], [ 106.735833, -6.107713 ], [ 106.735377, -6.108243 ], [ 106.734791, -6.108946 ], [ 106.734728, -6.109025 ], [ 106.734723, -6.109031 ], [ 106.734622, -6.109156 ], [ 106.733971, -6.109967 ], [ 106.733284, -6.110788 ], [ 106.733176, -6.110898 ], [ 106.733175, -6.110899 ], [ 106.733126, -6.110948 ], [ 106.733093, -6.110982 ], [ 106.733010, -6.111067 ], [ 106.732420, -6.110361 ], [ 106.731643, -6.109957 ], [ 106.731639, -6.109955 ], [ 106.731221, -6.109737 ], [ 106.731132, -6.109521 ], [ 106.731127, -6.109510 ], [ 106.730989, -6.109175 ], [ 106.730981, -6.109156 ], [ 106.730934, -6.109043 ], [ 106.730918, -6.109004 ], [ 106.730884, -6.108923 ], [ 106.730847, -6.108784 ], [ 106.730847, -6.108782 ], [ 106.730824, -6.108695 ], [ 106.730824, -6.108695 ], [ 106.730802, -6.108613 ], [ 106.730797, -6.108595 ], [ 106.730778, -6.108522 ], [ 106.730763, -6.108466 ], [ 106.730762, -6.108462 ], [ 106.730762, -6.108461 ], [ 106.730750, -6.108414 ], [ 106.730693, -6.108202 ], [ 106.730642, -6.108012 ], [ 106.730539, -6.107772 ], [ 106.730458, -6.107583 ], [ 106.730277, -6.107160 ], [ 106.730258, -6.107114 ], [ 106.730150, -6.106862 ], [ 106.730160, -6.106858 ], [ 106.730171, -6.106854 ], [ 106.730878, -6.106563 ], [ 106.730528, -6.105582 ], [ 106.730518, -6.105556 ], [ 106.730449, -6.105361 ], [ 106.730396, -6.105310 ], [ 106.730335, -6.105251 ], [ 106.730102, -6.105046 ], [ 106.730088, -6.105033 ], [ 106.729814, -6.104793 ], [ 106.729522, -6.104458 ], [ 106.729073, -6.104777 ], [ 106.728972, -6.104848 ], [ 106.728953, -6.104862 ], [ 106.728770, -6.104994 ], [ 106.728632, -6.105096 ], [ 106.728246, -6.105380 ], [ 106.727489, -6.105938 ], [ 106.727077, -6.106244 ], [ 106.726912, -6.106360 ], [ 106.726686, -6.106517 ], [ 106.726629, -6.106391 ], [ 106.726587, -6.106266 ], [ 106.726313, -6.105864 ], [ 106.726035, -6.105512 ], [ 106.726009, -6.105521 ], [ 106.725777, -6.105294 ], [ 106.725920, -6.105170 ], [ 106.726219, -6.104935 ], [ 106.726311, -6.105011 ], [ 106.726367, -6.105128 ], [ 106.726452, -6.105228 ], [ 106.726758, -6.105592 ], [ 106.727230, -6.105347 ], [ 106.727674, -6.105065 ], [ 106.728312, -6.104689 ], [ 106.728218, -6.104534 ], [ 106.728082, -6.104314 ], [ 106.727944, -6.104092 ], [ 106.727802, -6.103863 ], [ 106.727484, -6.103344 ], [ 106.727465, -6.103303 ], [ 106.727294, -6.103039 ], [ 106.727108, -6.102790 ], [ 106.727199, -6.102718 ], [ 106.727098, -6.102603 ], [ 106.727049, -6.102547 ], [ 106.727483, -6.102178 ], [ 106.727620, -6.102061 ], [ 106.727987, -6.102495 ], [ 106.727996, -6.102506 ], [ 106.728159, -6.102271 ], [ 106.728167, -6.102259 ], [ 106.728310, -6.102052 ], [ 106.728353, -6.101989 ], [ 106.728390, -6.101941 ], [ 106.728427, -6.101892 ], [ 106.728496, -6.101799 ], [ 106.728514, -6.101775 ], [ 106.728641, -6.101607 ], [ 106.728719, -6.101504 ], [ 106.728769, -6.101438 ], [ 106.728879, -6.101291 ], [ 106.728886, -6.101282 ], [ 106.728937, -6.101215 ], [ 106.728987, -6.101148 ], [ 106.729087, -6.101016 ], [ 106.729147, -6.100935 ], [ 106.729154, -6.100926 ], [ 106.729206, -6.100857 ], [ 106.729366, -6.100645 ], [ 106.729440, -6.100547 ], [ 106.729494, -6.100474 ], [ 106.729562, -6.100384 ], [ 106.729611, -6.100318 ], [ 106.729759, -6.100129 ], [ 106.729981, -6.099844 ], [ 106.730219, -6.099540 ], [ 106.730553, -6.099107 ], [ 106.730784, -6.098809 ], [ 106.730956, -6.098587 ], [ 106.731341, -6.098054 ], [ 106.731423, -6.097942 ], [ 106.731482, -6.097861 ], [ 106.731496, -6.097841 ], [ 106.731549, -6.097780 ], [ 106.731591, -6.097731 ], [ 106.731711, -6.097593 ], [ 106.731816, -6.097471 ], [ 106.731904, -6.097370 ], [ 106.732021, -6.097234 ], [ 106.732060, -6.097191 ], [ 106.732091, -6.097156 ], [ 106.732256, -6.096975 ], [ 106.732298, -6.096930 ], [ 106.732362, -6.096859 ], [ 106.732400, -6.096817 ], [ 106.732401, -6.096816 ], [ 106.732440, -6.096774 ], [ 106.732478, -6.096728 ], [ 106.732542, -6.096661 ], [ 106.732554, -6.096649 ], [ 106.732620, -6.096576 ], [ 106.732623, -6.096573 ], [ 106.732630, -6.096565 ], [ 106.732670, -6.096521 ], [ 106.732733, -6.096452 ], [ 106.732790, -6.096491 ], [ 106.732798, -6.096497 ], [ 106.732849, -6.096531 ], [ 106.732885, -6.096556 ], [ 106.732978, -6.096619 ], [ 106.733131, -6.096723 ], [ 106.733265, -6.096806 ], [ 106.733518, -6.096963 ], [ 106.733520, -6.096965 ], [ 106.733567, -6.097008 ], [ 106.733937, -6.097350 ], [ 106.734432, -6.097817 ], [ 106.734458, -6.097841 ], [ 106.734476, -6.097862 ], [ 106.734807, -6.098245 ], [ 106.735090, -6.098551 ], [ 106.735371, -6.098758 ], [ 106.735392, -6.098775 ], [ 106.735575, -6.098910 ], [ 106.735916, -6.099189 ], [ 106.736041, -6.099312 ], [ 106.736042, -6.099313 ], [ 106.736112, -6.099382 ], [ 106.736164, -6.099433 ], [ 106.736200, -6.099468 ], [ 106.736309, -6.099529 ], [ 106.736656, -6.099720 ], [ 106.737308, -6.099780 ], [ 106.737311, -6.099780 ], [ 106.737318, -6.099781 ], [ 106.737362, -6.099810 ], [ 106.737381, -6.099822 ], [ 106.737392, -6.099830 ], [ 106.737456, -6.099873 ], [ 106.737482, -6.099890 ], [ 106.737501, -6.099902 ], [ 106.737572, -6.099950 ], [ 106.737572, -6.099950 ], [ 106.737639, -6.099995 ], [ 106.737657, -6.100007 ] ], [ [ 106.737542, -6.100098 ], [ 106.737514, -6.100147 ], [ 106.737541, -6.100106 ], [ 106.737543, -6.100103 ], [ 106.737544, -6.100095 ], [ 106.737542, -6.100098 ] ] ] } }

]
}
